001-2007x2853	DUNE_VISUAL_AUDIT_READY root after setup -[ActivityExerciseRegressionTests testWeeklyStatsValuesAtMaximumAccessibilityTextSize] [DUNEUITests/UITestBaseCase.swift:145] DEADLINE=1791284126.179717	0	1
001-1398x2034	DUNE_VISUAL_AUDIT_READY root after setup -[ActivityExerciseRegressionTests testWeeklyStatsValuesAtMaximumAccessibilityTextSize] [DUNEUITests/UITestBaseCase.swift:145] DEADLINE=1791284126.179717	0	1
002-2007x2853	DUNE_VISUAL_AUDIT_READY Weekly volume value at maximum accessibility size [DUNEUITests/ActivityExerciseRegressionTests.swift:47] DEADLINE=1791284149.447689	0	1
002-1398x2034	DUNE_VISUAL_AUDIT_READY Weekly volume value at maximum accessibility size [DUNEUITests/ActivityExerciseRegressionTests.swift:47] DEADLINE=1791284149.447689	0	1
003-2007x2853	DUNE_VISUAL_AUDIT_READY Weekly calories value at maximum accessibility size [DUNEUITests/ActivityExerciseRegressionTests.swift:47] DEADLINE=1791284153.7294722	0	1
003-1398x2034	DUNE_VISUAL_AUDIT_READY Weekly calories value at maximum accessibility size [DUNEUITests/ActivityExerciseRegressionTests.swift:47] DEADLINE=1791284153.7294722	0	1
004-2007x2853	DUNE_VISUAL_AUDIT_READY Weekly duration value at maximum accessibility size [DUNEUITests/ActivityExerciseRegressionTests.swift:47] DEADLINE=1791284157.8628101	0	1
004-1398x2034	DUNE_VISUAL_AUDIT_READY Weekly duration value at maximum accessibility size [DUNEUITests/ActivityExerciseRegressionTests.swift:47] DEADLINE=1791284157.8628101	0	1
005-2007x2853	DUNE_VISUAL_AUDIT_READY Weekly activeDays value at maximum accessibility size [DUNEUITests/ActivityExerciseRegressionTests.swift:47] DEADLINE=1791284165.0004048	0	1
005-1398x2034	DUNE_VISUAL_AUDIT_READY Weekly activeDays value at maximum accessibility size [DUNEUITests/ActivityExerciseRegressionTests.swift:47] DEADLINE=1791284165.0004048	0	1
006-2007x2853	DUNE_VISUAL_AUDIT_READY before teardown -[ActivityExerciseRegressionTests testWeeklyStatsValuesAtMaximumAccessibilityTextSize] [DUNEUITests/UITestBaseCase.swift:118] DEADLINE=1791284168.601132	0	1
006-1398x2034	DUNE_VISUAL_AUDIT_READY before teardown -[ActivityExerciseRegressionTests testWeeklyStatsValuesAtMaximumAccessibilityTextSize] [DUNEUITests/UITestBaseCase.swift:118] DEADLINE=1791284168.601132	0	1
