001-2007x2853	DUNE_VISUAL_AUDIT_READY root after setup -[ActivityExerciseRegressionTests testWorkoutDraftAcrossRotationAtDefaultTextSize] [DUNEUITests/UITestBaseCase.swift:145] DEADLINE=1791281027.7726421	0	1
001-1398x2034	DUNE_VISUAL_AUDIT_READY root after setup -[ActivityExerciseRegressionTests testWorkoutDraftAcrossRotationAtDefaultTextSize] [DUNEUITests/UITestBaseCase.swift:145] DEADLINE=1791281027.7726421	0	1
002-2007x2853	DUNE_VISUAL_AUDIT_READY ORIENT:portrait [DUNEUITests/ActivityExerciseRegressionTests.swift:341] DEADLINE=1791281129.074305	0	1
002-1398x2034	DUNE_VISUAL_AUDIT_READY ORIENT:portrait [DUNEUITests/ActivityExerciseRegressionTests.swift:341] DEADLINE=1791281129.074305	0	1
003-2007x2853	DUNE_VISUAL_AUDIT_READY tap activity-toolbar-add [DUNEUITests/ActivityExerciseRegressionTests.swift:1441] DEADLINE=1791281051.735528	0	1
003-1398x2034	DUNE_VISUAL_AUDIT_READY tap activity-toolbar-add [DUNEUITests/ActivityExerciseRegressionTests.swift:1441] DEADLINE=1791281051.735528	0	1
004-2007x2853	DUNE_VISUAL_AUDIT_READY tap picker-search-field [DUNEUITests/UITestHelpers.swift:1157] DEADLINE=1791281059.206789	0	1
004-1398x2034	DUNE_VISUAL_AUDIT_READY tap picker-search-field [DUNEUITests/UITestHelpers.swift:1157] DEADLINE=1791281059.206789	0	1
005-2007x2853	DUNE_VISUAL_AUDIT_READY tap picker-search-done [DUNEUITests/ActivityExerciseRegressionTests.swift:1520] DEADLINE=1791281067.74313	0	1
005-1398x2034	DUNE_VISUAL_AUDIT_READY tap picker-search-done [DUNEUITests/ActivityExerciseRegressionTests.swift:1520] DEADLINE=1791281067.74313	0	1
006-2007x2853	DUNE_VISUAL_AUDIT_READY tap picker-detail-barbell-bench-press [DUNEUITests/ActivityExerciseRegressionTests.swift:1500] DEADLINE=1791281085.6290932	0	1
006-1398x2034	DUNE_VISUAL_AUDIT_READY tap picker-detail-barbell-bench-press [DUNEUITests/ActivityExerciseRegressionTests.swift:1500] DEADLINE=1791281085.6290932	0	1
007-2007x2853	DUNE_VISUAL_AUDIT_READY tap exercise-detail-start [DUNEUITests/ActivityExerciseRegressionTests.swift:1507] DEADLINE=1791281092.747612	0	1
007-1398x2034	DUNE_VISUAL_AUDIT_READY tap exercise-detail-start [DUNEUITests/ActivityExerciseRegressionTests.swift:1507] DEADLINE=1791281092.747612	0	1
008-2007x2853	DUNE_VISUAL_AUDIT_READY tap exercise-start-button [DUNEUITests/ActivityExerciseRegressionTests.swift:1514] DEADLINE=1791281099.601184	0	1
008-1398x2034	DUNE_VISUAL_AUDIT_READY tap exercise-start-button [DUNEUITests/ActivityExerciseRegressionTests.swift:1514] DEADLINE=1791281099.601184	0	1
009-2007x2853	DUNE_VISUAL_AUDIT_READY tap +2.5 [DUNEUITests/ActivityExerciseRegressionTests.swift:345] DEADLINE=1791281105.374847	0	1
009-1398x2034	DUNE_VISUAL_AUDIT_READY tap +2.5 [DUNEUITests/ActivityExerciseRegressionTests.swift:345] DEADLINE=1791281105.374847	0	1
010-2007x2853	DUNE_VISUAL_AUDIT_READY tap +1 [DUNEUITests/ActivityExerciseRegressionTests.swift:347] DEADLINE=1791281114.142628	0	1
010-1398x2034	DUNE_VISUAL_AUDIT_READY tap +1 [DUNEUITests/ActivityExerciseRegressionTests.swift:347] DEADLINE=1791281114.142628	0	1
011-2007x2853	DUNE_VISUAL_AUDIT_READY Workout portrait before rotation UICTContentSizeCategoryL [DUNEUITests/ActivityExerciseRegressionTests.swift:350] DEADLINE=1791281118.058292	0	1
011-1398x2034	DUNE_VISUAL_AUDIT_READY Workout portrait before rotation UICTContentSizeCategoryL [DUNEUITests/ActivityExerciseRegressionTests.swift:350] DEADLINE=1791281118.058292	0	1
012-2007x2853	DUNE_VISUAL_AUDIT_READY ORIENT:landscapeLeft [DUNEUITests/ActivityExerciseRegressionTests.swift:354] DEADLINE=1791281211.9467912	0	1
012-1398x2034	DUNE_VISUAL_AUDIT_READY ORIENT:landscapeLeft [DUNEUITests/ActivityExerciseRegressionTests.swift:354] DEADLINE=1791281211.9467912	0	1
013-2007x2853	DUNE_VISUAL_AUDIT_READY Workout rotated viewport preserves inputs UICTContentSizeCategoryL [DUNEUITests/ActivityExerciseRegressionTests.swift:364] DEADLINE=1791281143.240747	0	1
013-1398x2034	DUNE_VISUAL_AUDIT_READY Workout rotated viewport preserves inputs UICTContentSizeCategoryL [DUNEUITests/ActivityExerciseRegressionTests.swift:364] DEADLINE=1791281143.240747	0	1
014-2007x2853	DUNE_VISUAL_AUDIT_READY ORIENT:portrait [DUNEUITests/ActivityExerciseRegressionTests.swift:366] DEADLINE=1791281238.277121	0	1
014-1398x2034	DUNE_VISUAL_AUDIT_READY ORIENT:portrait [DUNEUITests/ActivityExerciseRegressionTests.swift:366] DEADLINE=1791281238.277121	0	1
015-2007x2853	DUNE_VISUAL_AUDIT_READY Workout portrait after rotation UICTContentSizeCategoryL [DUNEUITests/ActivityExerciseRegressionTests.swift:376] DEADLINE=1791281189.987979	0	1
015-1398x2034	DUNE_VISUAL_AUDIT_READY Workout portrait after rotation UICTContentSizeCategoryL [DUNEUITests/ActivityExerciseRegressionTests.swift:376] DEADLINE=1791281189.987979	0	1
016-2007x2853	DUNE_VISUAL_AUDIT_READY before teardown -[ActivityExerciseRegressionTests testWorkoutDraftAcrossRotationAtDefaultTextSize] [DUNEUITests/UITestBaseCase.swift:118] DEADLINE=1791281194.071889	0	1
016-1398x2034	DUNE_VISUAL_AUDIT_READY before teardown -[ActivityExerciseRegressionTests testWorkoutDraftAcrossRotationAtDefaultTextSize] [DUNEUITests/UITestBaseCase.swift:118] DEADLINE=1791281194.071889	0	1
017-2007x2853	DUNE_VISUAL_AUDIT_READY root after setup -[ActivityExerciseRegressionTests testWorkoutDraftAcrossRotationAtMaximumAccessibilityTextSize] [DUNEUITests/UITestBaseCase.swift:145] DEADLINE=1791281208.556781	0	1
017-1398x2034	DUNE_VISUAL_AUDIT_READY root after setup -[ActivityExerciseRegressionTests testWorkoutDraftAcrossRotationAtMaximumAccessibilityTextSize] [DUNEUITests/UITestBaseCase.swift:145] DEADLINE=1791281208.556781	0	1
018-2007x2853	DUNE_VISUAL_AUDIT_READY ORIENT:portrait [DUNEUITests/ActivityExerciseRegressionTests.swift:341] DEADLINE=1791281309.235369	0	1
018-1398x2034	DUNE_VISUAL_AUDIT_READY ORIENT:portrait [DUNEUITests/ActivityExerciseRegressionTests.swift:341] DEADLINE=1791281309.235369	0	1
019-2007x2853	DUNE_VISUAL_AUDIT_READY tap activity-toolbar-add [DUNEUITests/ActivityExerciseRegressionTests.swift:1441] DEADLINE=1791281231.393491	0	1
019-1398x2034	DUNE_VISUAL_AUDIT_READY tap activity-toolbar-add [DUNEUITests/ActivityExerciseRegressionTests.swift:1441] DEADLINE=1791281231.393491	0	1
020-2007x2853	DUNE_VISUAL_AUDIT_READY tap picker-search-field [DUNEUITests/UITestHelpers.swift:1157] DEADLINE=1791281238.620809	0	1
020-1398x2034	DUNE_VISUAL_AUDIT_READY tap picker-search-field [DUNEUITests/UITestHelpers.swift:1157] DEADLINE=1791281238.620809	0	1
021-2007x2853	DUNE_VISUAL_AUDIT_READY tap picker-search-done [DUNEUITests/ActivityExerciseRegressionTests.swift:1520] DEADLINE=1791281246.656182	0	1
021-1398x2034	DUNE_VISUAL_AUDIT_READY tap picker-search-done [DUNEUITests/ActivityExerciseRegressionTests.swift:1520] DEADLINE=1791281246.656182	0	1
022-2007x2853	DUNE_VISUAL_AUDIT_READY tap picker-detail-barbell-bench-press [DUNEUITests/ActivityExerciseRegressionTests.swift:1500] DEADLINE=1791281264.3011699	0	1
022-1398x2034	DUNE_VISUAL_AUDIT_READY tap picker-detail-barbell-bench-press [DUNEUITests/ActivityExerciseRegressionTests.swift:1500] DEADLINE=1791281264.3011699	0	1
023-2007x2853	DUNE_VISUAL_AUDIT_READY tap exercise-detail-start [DUNEUITests/ActivityExerciseRegressionTests.swift:1507] DEADLINE=1791281271.687021	0	1
023-1398x2034	DUNE_VISUAL_AUDIT_READY tap exercise-detail-start [DUNEUITests/ActivityExerciseRegressionTests.swift:1507] DEADLINE=1791281271.687021	0	1
024-2007x2853	DUNE_VISUAL_AUDIT_READY tap exercise-start-button [DUNEUITests/ActivityExerciseRegressionTests.swift:1514] DEADLINE=1791281278.411026	0	1
024-1398x2034	DUNE_VISUAL_AUDIT_READY tap exercise-start-button [DUNEUITests/ActivityExerciseRegressionTests.swift:1514] DEADLINE=1791281278.411026	0	1
025-2007x2853	DUNE_VISUAL_AUDIT_READY tap +2.5 [DUNEUITests/ActivityExerciseRegressionTests.swift:345] DEADLINE=1791281286.590047	0	1
025-1398x2034	DUNE_VISUAL_AUDIT_READY tap +2.5 [DUNEUITests/ActivityExerciseRegressionTests.swift:345] DEADLINE=1791281286.590047	0	1
026-2007x2853	DUNE_VISUAL_AUDIT_READY tap +1 [DUNEUITests/ActivityExerciseRegressionTests.swift:347] DEADLINE=1791281295.287956	0	1
026-1398x2034	DUNE_VISUAL_AUDIT_READY tap +1 [DUNEUITests/ActivityExerciseRegressionTests.swift:347] DEADLINE=1791281295.287956	0	1
027-2007x2853	DUNE_VISUAL_AUDIT_READY Workout portrait before rotation UICTContentSizeCategoryAccessibilityXXXL [DUNEUITests/ActivityExerciseRegressionTests.swift:350] DEADLINE=1791281299.2792711	0	1
027-1398x2034	DUNE_VISUAL_AUDIT_READY Workout portrait before rotation UICTContentSizeCategoryAccessibilityXXXL [DUNEUITests/ActivityExerciseRegressionTests.swift:350] DEADLINE=1791281299.2792711	0	1
028-2007x2853	DUNE_VISUAL_AUDIT_READY ORIENT:landscapeLeft [DUNEUITests/ActivityExerciseRegressionTests.swift:354] DEADLINE=1791281393.099259	0	1
028-1398x2034	DUNE_VISUAL_AUDIT_READY ORIENT:landscapeLeft [DUNEUITests/ActivityExerciseRegressionTests.swift:354] DEADLINE=1791281393.099259	0	1
029-2007x2853	DUNE_VISUAL_AUDIT_READY before teardown -[ActivityExerciseRegressionTests testWorkoutDraftAcrossRotationAtMaximumAccessibilityTextSize] [DUNEUITests/UITestBaseCase.swift:118] DEADLINE=1791281337.5904942	0	1
029-1398x2034	DUNE_VISUAL_AUDIT_READY before teardown -[ActivityExerciseRegressionTests testWorkoutDraftAcrossRotationAtMaximumAccessibilityTextSize] [DUNEUITests/UITestBaseCase.swift:118] DEADLINE=1791281337.5904942	0	1
