001-2007x2853	DUNE_VISUAL_AUDIT_READY root after setup -[WellnessRegressionTests testCompareMetricsSharesPeriodAndDismisses] [DUNEUITests/UITestBaseCase.swift:145] DEADLINE=1791283350.307173	0	1
001-1398x2034	DUNE_VISUAL_AUDIT_READY root after setup -[WellnessRegressionTests testCompareMetricsSharesPeriodAndDismisses] [DUNEUITests/UITestBaseCase.swift:145] DEADLINE=1791283350.307173	0	1
002-2007x2853	DUNE_VISUAL_AUDIT_READY tap wellness-compare-metrics [DUNEUITests/UITestHelpers.swift:610] DEADLINE=1791283356.474555	0	1
002-1398x2034	DUNE_VISUAL_AUDIT_READY tap wellness-compare-metrics [DUNEUITests/UITestHelpers.swift:610] DEADLINE=1791283356.474555	0	1
003-2007x2853	DUNE_VISUAL_AUDIT_READY Metric comparison charts initial viewport [DUNEUITests/WellnessRegressionTests.swift:40] DEADLINE=1791283364.8830252	0	1
003-1398x2034	DUNE_VISUAL_AUDIT_READY Metric comparison charts initial viewport [DUNEUITests/WellnessRegressionTests.swift:40] DEADLINE=1791283364.8830252	0	1
004-2007x2853	DUNE_VISUAL_AUDIT_READY Metric comparison charts lower viewport 1 [DUNEUITests/WellnessRegressionTests.swift:43] DEADLINE=1791283371.451573	0	1
004-1398x2034	DUNE_VISUAL_AUDIT_READY Metric comparison charts lower viewport 1 [DUNEUITests/WellnessRegressionTests.swift:43] DEADLINE=1791283371.451573	0	1
005-2007x2853	DUNE_VISUAL_AUDIT_READY Metric comparison charts lower viewport 2 [DUNEUITests/WellnessRegressionTests.swift:43] DEADLINE=1791283377.822884	0	1
005-1398x2034	DUNE_VISUAL_AUDIT_READY Metric comparison charts lower viewport 2 [DUNEUITests/WellnessRegressionTests.swift:43] DEADLINE=1791283377.822884	0	1
006-2007x2853	DUNE_VISUAL_AUDIT_READY Metric comparison charts lower viewport 3 [DUNEUITests/WellnessRegressionTests.swift:43] DEADLINE=1791283384.228427	0	1
006-1398x2034	DUNE_VISUAL_AUDIT_READY Metric comparison charts lower viewport 3 [DUNEUITests/WellnessRegressionTests.swift:43] DEADLINE=1791283384.228427	0	1
007-2007x2853	DUNE_VISUAL_AUDIT_READY Comparison inline month fully visible before selection [DUNEUITests/WellnessRegressionTests.swift:58] DEADLINE=1791283397.122336	0	1
007-1398x2034	DUNE_VISUAL_AUDIT_READY Comparison inline month fully visible before selection [DUNEUITests/WellnessRegressionTests.swift:58] DEADLINE=1791283397.122336	0	1
008-2007x2853	DUNE_VISUAL_AUDIT_READY tap metric-comparison-period-M [DUNEUITests/UITestHelpers.swift:586] DEADLINE=1791283401.515922	0	1
008-1398x2034	DUNE_VISUAL_AUDIT_READY tap metric-comparison-period-M [DUNEUITests/UITestHelpers.swift:586] DEADLINE=1791283401.515922	0	1
009-2007x2853	DUNE_VISUAL_AUDIT_READY Comparison inline month selected with shared dates updated [DUNEUITests/WellnessRegressionTests.swift:75] DEADLINE=1791283406.951087	0	1
009-1398x2034	DUNE_VISUAL_AUDIT_READY Comparison inline month selected with shared dates updated [DUNEUITests/WellnessRegressionTests.swift:75] DEADLINE=1791283406.951087	0	1
010-2007x2853	DUNE_VISUAL_AUDIT_READY tap metric-comparison-done [DUNEUITests/UITestHelpers.swift:586] DEADLINE=1791283411.211567	0	1
010-1398x2034	DUNE_VISUAL_AUDIT_READY tap metric-comparison-done [DUNEUITests/UITestHelpers.swift:586] DEADLINE=1791283411.211567	0	1
011-2007x2853	DUNE_VISUAL_AUDIT_READY before teardown -[WellnessRegressionTests testCompareMetricsSharesPeriodAndDismisses] [DUNEUITests/UITestBaseCase.swift:118] DEADLINE=1791283417.280599	0	1
011-1398x2034	DUNE_VISUAL_AUDIT_READY before teardown -[WellnessRegressionTests testCompareMetricsSharesPeriodAndDismisses] [DUNEUITests/UITestBaseCase.swift:118] DEADLINE=1791283417.280599	0	1
