001-2007x2853	DUNE_VISUAL_AUDIT_READY root after setup -[WellnessRegressionTests testCompareMetricsSharesPeriodAndDismisses] [DUNEUITests/UITestBaseCase.swift:145] DEADLINE=1791283882.33901	0	1
001-1398x2034	DUNE_VISUAL_AUDIT_READY root after setup -[WellnessRegressionTests testCompareMetricsSharesPeriodAndDismisses] [DUNEUITests/UITestBaseCase.swift:145] DEADLINE=1791283882.33901	0	1
002-2007x2853	DUNE_VISUAL_AUDIT_READY tap wellness-compare-metrics [DUNEUITests/UITestHelpers.swift:610] DEADLINE=1791283888.8131142	0	1
002-1398x2034	DUNE_VISUAL_AUDIT_READY tap wellness-compare-metrics [DUNEUITests/UITestHelpers.swift:610] DEADLINE=1791283888.8131142	0	1
003-2007x2853	DUNE_VISUAL_AUDIT_READY Metric comparison charts initial viewport [DUNEUITests/WellnessRegressionTests.swift:45] DEADLINE=1791283897.460706	0	1
003-1398x2034	DUNE_VISUAL_AUDIT_READY Metric comparison charts initial viewport [DUNEUITests/WellnessRegressionTests.swift:45] DEADLINE=1791283897.460706	0	1
004-2007x2853	DUNE_VISUAL_AUDIT_READY Metric comparison charts lower viewport 1 [DUNEUITests/WellnessRegressionTests.swift:48] DEADLINE=1791283903.884345	0	1
004-1398x2034	DUNE_VISUAL_AUDIT_READY Metric comparison charts lower viewport 1 [DUNEUITests/WellnessRegressionTests.swift:48] DEADLINE=1791283903.884345	0	1
005-2007x2853	DUNE_VISUAL_AUDIT_READY Metric comparison charts lower viewport 2 [DUNEUITests/WellnessRegressionTests.swift:48] DEADLINE=1791283910.188377	0	1
005-1398x2034	DUNE_VISUAL_AUDIT_READY Metric comparison charts lower viewport 2 [DUNEUITests/WellnessRegressionTests.swift:48] DEADLINE=1791283910.188377	0	1
006-2007x2853	DUNE_VISUAL_AUDIT_READY Metric comparison charts lower viewport 3 [DUNEUITests/WellnessRegressionTests.swift:48] DEADLINE=1791283916.499366	0	1
006-1398x2034	DUNE_VISUAL_AUDIT_READY Metric comparison charts lower viewport 3 [DUNEUITests/WellnessRegressionTests.swift:48] DEADLINE=1791283916.499366	0	1
007-2007x2853	DUNE_VISUAL_AUDIT_READY Comparison inline month fully visible before selection [DUNEUITests/WellnessRegressionTests.swift:70] DEADLINE=1791283929.031825	0	1
007-1398x2034	DUNE_VISUAL_AUDIT_READY Comparison inline month fully visible before selection [DUNEUITests/WellnessRegressionTests.swift:70] DEADLINE=1791283929.031825	0	1
008-2007x2853	DUNE_VISUAL_AUDIT_READY tap metric-comparison-period-M [DUNEUITests/UITestHelpers.swift:586] DEADLINE=1791283933.550055	0	1
008-1398x2034	DUNE_VISUAL_AUDIT_READY tap metric-comparison-period-M [DUNEUITests/UITestHelpers.swift:586] DEADLINE=1791283933.550055	0	1
009-2007x2853	DUNE_VISUAL_AUDIT_READY Comparison inline month selected with shared dates updated [DUNEUITests/WellnessRegressionTests.swift:87] DEADLINE=1791283938.7527199	0	1
009-1398x2034	DUNE_VISUAL_AUDIT_READY Comparison inline month selected with shared dates updated [DUNEUITests/WellnessRegressionTests.swift:87] DEADLINE=1791283938.7527199	0	1
010-2007x2853	DUNE_VISUAL_AUDIT_READY tap metric-comparison-done [DUNEUITests/UITestHelpers.swift:586] DEADLINE=1791283943.012591	0	1
010-1398x2034	DUNE_VISUAL_AUDIT_READY tap metric-comparison-done [DUNEUITests/UITestHelpers.swift:586] DEADLINE=1791283943.012591	0	1
011-2007x2853	DUNE_VISUAL_AUDIT_READY before teardown -[WellnessRegressionTests testCompareMetricsSharesPeriodAndDismisses] [DUNEUITests/UITestBaseCase.swift:118] DEADLINE=1791283949.146816	0	1
011-1398x2034	DUNE_VISUAL_AUDIT_READY before teardown -[WellnessRegressionTests testCompareMetricsSharesPeriodAndDismisses] [DUNEUITests/UITestBaseCase.swift:118] DEADLINE=1791283949.146816	0	1
