001-2007x2853	DUNE_VISUAL_AUDIT_READY root after setup -[ActivityExerciseRegressionTests testVisualAuditRestTimerAcrossFoldStates] [DUNEUITests/UITestBaseCase.swift:145] DEADLINE=1791282770.17872	0	1
001-1398x2034	DUNE_VISUAL_AUDIT_READY root after setup -[ActivityExerciseRegressionTests testVisualAuditRestTimerAcrossFoldStates] [DUNEUITests/UITestBaseCase.swift:145] DEADLINE=1791282770.17872	0	1
002-2007x2853	DUNE_VISUAL_AUDIT_READY tap activity-toolbar-add [DUNEUITests/ActivityExerciseRegressionTests.swift:1441] DEADLINE=1791282788.848218	0	1
002-1398x2034	DUNE_VISUAL_AUDIT_READY tap activity-toolbar-add [DUNEUITests/ActivityExerciseRegressionTests.swift:1441] DEADLINE=1791282788.848218	0	1
003-2007x2853	DUNE_VISUAL_AUDIT_READY tap picker-search-field [DUNEUITests/UITestHelpers.swift:1157] DEADLINE=1791282796.325989	0	1
003-1398x2034	DUNE_VISUAL_AUDIT_READY tap picker-search-field [DUNEUITests/UITestHelpers.swift:1157] DEADLINE=1791282796.325989	0	1
004-2007x2853	DUNE_VISUAL_AUDIT_READY tap picker-search-done [DUNEUITests/ActivityExerciseRegressionTests.swift:1520] DEADLINE=1791282804.727107	0	1
004-1398x2034	DUNE_VISUAL_AUDIT_READY tap picker-search-done [DUNEUITests/ActivityExerciseRegressionTests.swift:1520] DEADLINE=1791282804.727107	0	1
005-2007x2853	DUNE_VISUAL_AUDIT_READY tap picker-detail-barbell-bench-press [DUNEUITests/ActivityExerciseRegressionTests.swift:1500] DEADLINE=1791282822.2296271	0	1
005-1398x2034	DUNE_VISUAL_AUDIT_READY tap picker-detail-barbell-bench-press [DUNEUITests/ActivityExerciseRegressionTests.swift:1500] DEADLINE=1791282822.2296271	0	1
006-2007x2853	DUNE_VISUAL_AUDIT_READY tap exercise-detail-start [DUNEUITests/ActivityExerciseRegressionTests.swift:1507] DEADLINE=1791282829.5529299	0	1
006-1398x2034	DUNE_VISUAL_AUDIT_READY tap exercise-detail-start [DUNEUITests/ActivityExerciseRegressionTests.swift:1507] DEADLINE=1791282829.5529299	0	1
007-2007x2853	DUNE_VISUAL_AUDIT_READY tap exercise-start-button [DUNEUITests/ActivityExerciseRegressionTests.swift:1514] DEADLINE=1791282836.483292	0	1
007-1398x2034	DUNE_VISUAL_AUDIT_READY tap exercise-start-button [DUNEUITests/ActivityExerciseRegressionTests.swift:1514] DEADLINE=1791282836.483292	0	1
008-2007x2853	DUNE_VISUAL_AUDIT_READY tap +2.5 [DUNEUITests/ActivityExerciseRegressionTests.swift:396] DEADLINE=1791282846.270329	0	1
008-1398x2034	DUNE_VISUAL_AUDIT_READY tap +2.5 [DUNEUITests/ActivityExerciseRegressionTests.swift:396] DEADLINE=1791282846.270329	0	1
009-2007x2853	DUNE_VISUAL_AUDIT_READY tap +1 [DUNEUITests/ActivityExerciseRegressionTests.swift:402] DEADLINE=1791282857.7162209	0	1
009-1398x2034	DUNE_VISUAL_AUDIT_READY tap +1 [DUNEUITests/ActivityExerciseRegressionTests.swift:402] DEADLINE=1791282857.7162209	0	1
010-2007x2853	DUNE_VISUAL_AUDIT_READY tap workout-session-complete-set [DUNEUITests/ActivityExerciseRegressionTests.swift:417] DEADLINE=1791282874.809013	0	1
010-1398x2034	DUNE_VISUAL_AUDIT_READY tap workout-session-complete-set [DUNEUITests/ActivityExerciseRegressionTests.swift:417] DEADLINE=1791282874.809013	0	1
011-2007x2853	DUNE_VISUAL_AUDIT_READY Rest timer initial after first completed set [DUNEUITests/ActivityExerciseRegressionTests.swift:433] DEADLINE=1791282885.919601	0	1
011-1398x2034	DUNE_VISUAL_AUDIT_READY Rest timer initial after first completed set [DUNEUITests/ActivityExerciseRegressionTests.swift:433] DEADLINE=1791282885.919601	0	1
012-2007x2853	DUNE_VISUAL_AUDIT_READY FOLD:partiallyOpen [DUNEUITests/ActivityExerciseRegressionTests.swift:449] DEADLINE=1791282982.1218572	0	1
012-1398x2034	DUNE_VISUAL_AUDIT_READY FOLD:partiallyOpen [DUNEUITests/ActivityExerciseRegressionTests.swift:449] DEADLINE=1791282982.1218572	0	1
013-2007x2853	DUNE_VISUAL_AUDIT_READY Full rest countdown after FOLD:partiallyOpen [DUNEUITests/ActivityExerciseRegressionTests.swift:470] DEADLINE=1791282907.224749	0	1
013-1398x2034	DUNE_VISUAL_AUDIT_READY Full rest countdown after FOLD:partiallyOpen [DUNEUITests/ActivityExerciseRegressionTests.swift:470] DEADLINE=1791282907.224749	0	1
014-2007x2853	DUNE_VISUAL_AUDIT_READY FOLD:openFlat [DUNEUITests/ActivityExerciseRegressionTests.swift:449] DEADLINE=1791283001.224472	0	1
014-1398x2034	DUNE_VISUAL_AUDIT_READY FOLD:openFlat [DUNEUITests/ActivityExerciseRegressionTests.swift:449] DEADLINE=1791283001.224472	0	1
015-2007x2853	DUNE_VISUAL_AUDIT_READY Full rest countdown after FOLD:openFlat [DUNEUITests/ActivityExerciseRegressionTests.swift:470] DEADLINE=1791282922.8744469	0	1
015-1398x2034	DUNE_VISUAL_AUDIT_READY Full rest countdown after FOLD:openFlat [DUNEUITests/ActivityExerciseRegressionTests.swift:470] DEADLINE=1791282922.8744469	0	1
016-2007x2853	DUNE_VISUAL_AUDIT_READY FOLD:closed [DUNEUITests/ActivityExerciseRegressionTests.swift:449] DEADLINE=1791283016.854974	0	1
016-1398x2034	DUNE_VISUAL_AUDIT_READY FOLD:closed [DUNEUITests/ActivityExerciseRegressionTests.swift:449] DEADLINE=1791283016.854974	0	1
017-2007x2853	DUNE_VISUAL_AUDIT_READY Full rest countdown after FOLD:closed [DUNEUITests/ActivityExerciseRegressionTests.swift:470] DEADLINE=1791282937.925262	0	1
017-1398x2034	DUNE_VISUAL_AUDIT_READY Full rest countdown after FOLD:closed [DUNEUITests/ActivityExerciseRegressionTests.swift:470] DEADLINE=1791282937.925262	0	1
018-2007x2853	DUNE_VISUAL_AUDIT_READY tap workout-session-skip-rest [DUNEUITests/ActivityExerciseRegressionTests.swift:478] DEADLINE=1791283186.61478	0	1
018-1398x2034	DUNE_VISUAL_AUDIT_READY tap workout-session-skip-rest [DUNEUITests/ActivityExerciseRegressionTests.swift:478] DEADLINE=1791283186.61478	0	1
019-2007x2853	DUNE_VISUAL_AUDIT_READY Next set immediately after skipping rest [DUNEUITests/ActivityExerciseRegressionTests.swift:481] DEADLINE=1791283191.848075	0	1
019-1398x2034	DUNE_VISUAL_AUDIT_READY Next set immediately after skipping rest [DUNEUITests/ActivityExerciseRegressionTests.swift:481] DEADLINE=1791283191.848075	0	1
020-2007x2853	DUNE_VISUAL_AUDIT_READY before teardown -[ActivityExerciseRegressionTests testVisualAuditRestTimerAcrossFoldStates] [DUNEUITests/UITestBaseCase.swift:118] DEADLINE=1791283199.8037748	0	1
020-1398x2034	DUNE_VISUAL_AUDIT_READY before teardown -[ActivityExerciseRegressionTests testVisualAuditRestTimerAcrossFoldStates] [DUNEUITests/UITestBaseCase.swift:118] DEADLINE=1791283199.8037748	0	1
