001-2007x2853	DUNE_VISUAL_AUDIT_READY root after setup -[ActivityExerciseRegressionTests testWorkoutDraftAcrossRotationAtDefaultTextSize] [DUNEUITests/UITestBaseCase.swift:145] DEADLINE=1791280666.245595	0	1
001-1398x2034	DUNE_VISUAL_AUDIT_READY root after setup -[ActivityExerciseRegressionTests testWorkoutDraftAcrossRotationAtDefaultTextSize] [DUNEUITests/UITestBaseCase.swift:145] DEADLINE=1791280666.245595	0	1
002-2007x2853	DUNE_VISUAL_AUDIT_READY ORIENT:portrait [DUNEUITests/ActivityExerciseRegressionTests.swift:341] DEADLINE=1791280767.565881	0	1
002-1398x2034	DUNE_VISUAL_AUDIT_READY ORIENT:portrait [DUNEUITests/ActivityExerciseRegressionTests.swift:341] DEADLINE=1791280767.565881	0	1
003-2007x2853	DUNE_VISUAL_AUDIT_READY tap activity-toolbar-add [DUNEUITests/ActivityExerciseRegressionTests.swift:1440] DEADLINE=1791280691.211536	0	1
003-1398x2034	DUNE_VISUAL_AUDIT_READY tap activity-toolbar-add [DUNEUITests/ActivityExerciseRegressionTests.swift:1440] DEADLINE=1791280691.211536	0	1
004-2007x2853	DUNE_VISUAL_AUDIT_READY tap picker-search-field [DUNEUITests/UITestHelpers.swift:1157] DEADLINE=1791280699.975801	0	1
004-1398x2034	DUNE_VISUAL_AUDIT_READY tap picker-search-field [DUNEUITests/UITestHelpers.swift:1157] DEADLINE=1791280699.975801	0	1
005-2007x2853	DUNE_VISUAL_AUDIT_READY tap picker-search-done [DUNEUITests/ActivityExerciseRegressionTests.swift:1519] DEADLINE=1791280708.612786	0	1
005-1398x2034	DUNE_VISUAL_AUDIT_READY tap picker-search-done [DUNEUITests/ActivityExerciseRegressionTests.swift:1519] DEADLINE=1791280708.612786	0	1
006-2007x2853	DUNE_VISUAL_AUDIT_READY tap picker-detail-barbell-bench-press [DUNEUITests/ActivityExerciseRegressionTests.swift:1499] DEADLINE=1791280727.0444798	0	1
006-1398x2034	DUNE_VISUAL_AUDIT_READY tap picker-detail-barbell-bench-press [DUNEUITests/ActivityExerciseRegressionTests.swift:1499] DEADLINE=1791280727.0444798	0	1
007-2007x2853	DUNE_VISUAL_AUDIT_READY tap exercise-detail-start [DUNEUITests/ActivityExerciseRegressionTests.swift:1506] DEADLINE=1791280734.4981918	0	1
007-1398x2034	DUNE_VISUAL_AUDIT_READY tap exercise-detail-start [DUNEUITests/ActivityExerciseRegressionTests.swift:1506] DEADLINE=1791280734.4981918	0	1
008-2007x2853	DUNE_VISUAL_AUDIT_READY tap exercise-start-button [DUNEUITests/ActivityExerciseRegressionTests.swift:1513] DEADLINE=1791280741.592514	0	1
008-1398x2034	DUNE_VISUAL_AUDIT_READY tap exercise-start-button [DUNEUITests/ActivityExerciseRegressionTests.swift:1513] DEADLINE=1791280741.592514	0	1
009-2007x2853	DUNE_VISUAL_AUDIT_READY tap +2.5 [DUNEUITests/ActivityExerciseRegressionTests.swift:345] DEADLINE=1791280747.786072	0	1
009-1398x2034	DUNE_VISUAL_AUDIT_READY tap +2.5 [DUNEUITests/ActivityExerciseRegressionTests.swift:345] DEADLINE=1791280747.786072	0	1
010-2007x2853	DUNE_VISUAL_AUDIT_READY tap +1 [DUNEUITests/ActivityExerciseRegressionTests.swift:347] DEADLINE=1791280755.84814	0	1
010-1398x2034	DUNE_VISUAL_AUDIT_READY tap +1 [DUNEUITests/ActivityExerciseRegressionTests.swift:347] DEADLINE=1791280755.84814	0	1
011-2007x2853	DUNE_VISUAL_AUDIT_READY Workout portrait before rotation UICTContentSizeCategoryL [DUNEUITests/ActivityExerciseRegressionTests.swift:350] DEADLINE=1791280760.1356568	0	1
011-1398x2034	DUNE_VISUAL_AUDIT_READY Workout portrait before rotation UICTContentSizeCategoryL [DUNEUITests/ActivityExerciseRegressionTests.swift:350] DEADLINE=1791280760.1356568	0	1
012-2007x2853	DUNE_VISUAL_AUDIT_READY ORIENT:landscapeLeft [DUNEUITests/ActivityExerciseRegressionTests.swift:354] DEADLINE=1791280854.157782	0	1
012-1398x2034	DUNE_VISUAL_AUDIT_READY ORIENT:landscapeLeft [DUNEUITests/ActivityExerciseRegressionTests.swift:354] DEADLINE=1791280854.157782	0	1
013-2007x2853	DUNE_VISUAL_AUDIT_READY Workout rotated viewport preserves inputs UICTContentSizeCategoryL [DUNEUITests/ActivityExerciseRegressionTests.swift:364] DEADLINE=1791280782.334004	0	1
013-1398x2034	DUNE_VISUAL_AUDIT_READY Workout rotated viewport preserves inputs UICTContentSizeCategoryL [DUNEUITests/ActivityExerciseRegressionTests.swift:364] DEADLINE=1791280782.334004	0	1
014-2007x2853	DUNE_VISUAL_AUDIT_READY ORIENT:portrait [DUNEUITests/ActivityExerciseRegressionTests.swift:366] DEADLINE=1791280876.3189569	0	1
014-1398x2034	DUNE_VISUAL_AUDIT_READY ORIENT:portrait [DUNEUITests/ActivityExerciseRegressionTests.swift:366] DEADLINE=1791280876.3189569	0	1
015-2007x2853	DUNE_VISUAL_AUDIT_READY Workout portrait after rotation UICTContentSizeCategoryL [DUNEUITests/ActivityExerciseRegressionTests.swift:376] DEADLINE=1791280805.331944	0	1
015-1398x2034	DUNE_VISUAL_AUDIT_READY Workout portrait after rotation UICTContentSizeCategoryL [DUNEUITests/ActivityExerciseRegressionTests.swift:376] DEADLINE=1791280805.331944	0	1
016-2007x2853	DUNE_VISUAL_AUDIT_READY before teardown -[ActivityExerciseRegressionTests testWorkoutDraftAcrossRotationAtDefaultTextSize] [DUNEUITests/UITestBaseCase.swift:118] DEADLINE=1791280809.4998531	0	1
016-1398x2034	DUNE_VISUAL_AUDIT_READY before teardown -[ActivityExerciseRegressionTests testWorkoutDraftAcrossRotationAtDefaultTextSize] [DUNEUITests/UITestBaseCase.swift:118] DEADLINE=1791280809.4998531	0	1
017-2007x2853	DUNE_VISUAL_AUDIT_READY root after setup -[ActivityExerciseRegressionTests testWorkoutDraftAcrossRotationAtMaximumAccessibilityTextSize] [DUNEUITests/UITestBaseCase.swift:145] DEADLINE=1791280823.503525	0	1
017-1398x2034	DUNE_VISUAL_AUDIT_READY root after setup -[ActivityExerciseRegressionTests testWorkoutDraftAcrossRotationAtMaximumAccessibilityTextSize] [DUNEUITests/UITestBaseCase.swift:145] DEADLINE=1791280823.503525	0	1
018-2007x2853	DUNE_VISUAL_AUDIT_READY ORIENT:portrait [DUNEUITests/ActivityExerciseRegressionTests.swift:341] DEADLINE=1791280924.287771	0	1
018-1398x2034	DUNE_VISUAL_AUDIT_READY ORIENT:portrait [DUNEUITests/ActivityExerciseRegressionTests.swift:341] DEADLINE=1791280924.287771	0	1
019-2007x2853	DUNE_VISUAL_AUDIT_READY tap activity-toolbar-add [DUNEUITests/ActivityExerciseRegressionTests.swift:1440] DEADLINE=1791280846.617762	0	1
019-1398x2034	DUNE_VISUAL_AUDIT_READY tap activity-toolbar-add [DUNEUITests/ActivityExerciseRegressionTests.swift:1440] DEADLINE=1791280846.617762	0	1
020-2007x2853	DUNE_VISUAL_AUDIT_READY tap picker-search-field [DUNEUITests/UITestHelpers.swift:1157] DEADLINE=1791280853.867118	0	1
020-1398x2034	DUNE_VISUAL_AUDIT_READY tap picker-search-field [DUNEUITests/UITestHelpers.swift:1157] DEADLINE=1791280853.867118	0	1
021-2007x2853	DUNE_VISUAL_AUDIT_READY tap picker-search-done [DUNEUITests/ActivityExerciseRegressionTests.swift:1519] DEADLINE=1791280862.030641	0	1
021-1398x2034	DUNE_VISUAL_AUDIT_READY tap picker-search-done [DUNEUITests/ActivityExerciseRegressionTests.swift:1519] DEADLINE=1791280862.030641	0	1
022-2007x2853	DUNE_VISUAL_AUDIT_READY tap picker-detail-barbell-bench-press [DUNEUITests/ActivityExerciseRegressionTests.swift:1499] DEADLINE=1791280881.002785	0	1
022-1398x2034	DUNE_VISUAL_AUDIT_READY tap picker-detail-barbell-bench-press [DUNEUITests/ActivityExerciseRegressionTests.swift:1499] DEADLINE=1791280881.002785	0	1
023-2007x2853	DUNE_VISUAL_AUDIT_READY tap exercise-detail-start [DUNEUITests/ActivityExerciseRegressionTests.swift:1506] DEADLINE=1791280888.9616098	0	1
023-1398x2034	DUNE_VISUAL_AUDIT_READY tap exercise-detail-start [DUNEUITests/ActivityExerciseRegressionTests.swift:1506] DEADLINE=1791280888.9616098	0	1
024-2007x2853	DUNE_VISUAL_AUDIT_READY tap exercise-start-button [DUNEUITests/ActivityExerciseRegressionTests.swift:1513] DEADLINE=1791280895.922504	0	1
024-1398x2034	DUNE_VISUAL_AUDIT_READY tap exercise-start-button [DUNEUITests/ActivityExerciseRegressionTests.swift:1513] DEADLINE=1791280895.922504	0	1
025-2007x2853	DUNE_VISUAL_AUDIT_READY tap +2.5 [DUNEUITests/ActivityExerciseRegressionTests.swift:345] DEADLINE=1791280905.4068341	0	1
025-1398x2034	DUNE_VISUAL_AUDIT_READY tap +2.5 [DUNEUITests/ActivityExerciseRegressionTests.swift:345] DEADLINE=1791280905.4068341	0	1
026-2007x2853	DUNE_VISUAL_AUDIT_READY tap +1 [DUNEUITests/ActivityExerciseRegressionTests.swift:347] DEADLINE=1791280915.2836142	0	1
026-1398x2034	DUNE_VISUAL_AUDIT_READY tap +1 [DUNEUITests/ActivityExerciseRegressionTests.swift:347] DEADLINE=1791280915.2836142	0	1
027-2007x2853	DUNE_VISUAL_AUDIT_READY Workout portrait before rotation UICTContentSizeCategoryAccessibilityXXXL [DUNEUITests/ActivityExerciseRegressionTests.swift:350] DEADLINE=1791280919.4399161	0	1
027-1398x2034	DUNE_VISUAL_AUDIT_READY Workout portrait before rotation UICTContentSizeCategoryAccessibilityXXXL [DUNEUITests/ActivityExerciseRegressionTests.swift:350] DEADLINE=1791280919.4399161	0	1
028-2007x2853	DUNE_VISUAL_AUDIT_READY ORIENT:landscapeLeft [DUNEUITests/ActivityExerciseRegressionTests.swift:354] DEADLINE=1791281013.470366	0	1
028-1398x2034	DUNE_VISUAL_AUDIT_READY ORIENT:landscapeLeft [DUNEUITests/ActivityExerciseRegressionTests.swift:354] DEADLINE=1791281013.470366	0	1
029-2007x2853	DUNE_VISUAL_AUDIT_READY Workout rotated viewport preserves inputs UICTContentSizeCategoryAccessibilityXXXL [DUNEUITests/ActivityExerciseRegressionTests.swift:364] DEADLINE=1791280942.332829	0	1
029-1398x2034	DUNE_VISUAL_AUDIT_READY Workout rotated viewport preserves inputs UICTContentSizeCategoryAccessibilityXXXL [DUNEUITests/ActivityExerciseRegressionTests.swift:364] DEADLINE=1791280942.332829	0	1
030-2007x2853	DUNE_VISUAL_AUDIT_READY ORIENT:portrait [DUNEUITests/ActivityExerciseRegressionTests.swift:366] DEADLINE=1791281036.209991	0	1
030-1398x2034	DUNE_VISUAL_AUDIT_READY ORIENT:portrait [DUNEUITests/ActivityExerciseRegressionTests.swift:366] DEADLINE=1791281036.209991	0	1
031-2007x2853	DUNE_VISUAL_AUDIT_READY Workout portrait after rotation UICTContentSizeCategoryAccessibilityXXXL [DUNEUITests/ActivityExerciseRegressionTests.swift:376] DEADLINE=1791280964.64775	0	1
031-1398x2034	DUNE_VISUAL_AUDIT_READY Workout portrait after rotation UICTContentSizeCategoryAccessibilityXXXL [DUNEUITests/ActivityExerciseRegressionTests.swift:376] DEADLINE=1791280964.64775	0	1
032-2007x2853	DUNE_VISUAL_AUDIT_READY before teardown -[ActivityExerciseRegressionTests testWorkoutDraftAcrossRotationAtMaximumAccessibilityTextSize] [DUNEUITests/UITestBaseCase.swift:118] DEADLINE=1791280968.781793	0	1
032-1398x2034	DUNE_VISUAL_AUDIT_READY before teardown -[ActivityExerciseRegressionTests testWorkoutDraftAcrossRotationAtMaximumAccessibilityTextSize] [DUNEUITests/UITestBaseCase.swift:118] DEADLINE=1791280968.781793	0	1
