001-2007x2853	DUNE_VISUAL_AUDIT_READY root after setup -[ActivityMuscleMapRegressionTests testMuscleMap3DViewerExists] [DUNEUITests/UITestBaseCase.swift:145] DEADLINE=1791281401.2269468	0	1
001-1398x2034	DUNE_VISUAL_AUDIT_READY root after setup -[ActivityMuscleMapRegressionTests testMuscleMap3DViewerExists] [DUNEUITests/UITestBaseCase.swift:145] DEADLINE=1791281401.2269468	0	1
002-2007x2853	DUNE_VISUAL_AUDIT_READY Muscle Map short drag 1 [DUNEUITests/ActivityMuscleMapRegressionTests.swift:135] DEADLINE=1791281410.6854892	0	1
002-1398x2034	DUNE_VISUAL_AUDIT_READY Muscle Map short drag 1 [DUNEUITests/ActivityMuscleMapRegressionTests.swift:135] DEADLINE=1791281410.6854892	0	1
003-2007x2853	DUNE_VISUAL_AUDIT_READY Muscle Map short drag 2 [DUNEUITests/ActivityMuscleMapRegressionTests.swift:135] DEADLINE=1791281417.5186481	0	1
003-1398x2034	DUNE_VISUAL_AUDIT_READY Muscle Map short drag 2 [DUNEUITests/ActivityMuscleMapRegressionTests.swift:135] DEADLINE=1791281417.5186481	0	1
004-2007x2853	DUNE_VISUAL_AUDIT_READY Muscle Map entry after slow scrolling [DUNEUITests/ActivityMuscleMapRegressionTests.swift:137] DEADLINE=1791281424.933488	0	1
004-1398x2034	DUNE_VISUAL_AUDIT_READY Muscle Map entry after slow scrolling [DUNEUITests/ActivityMuscleMapRegressionTests.swift:137] DEADLINE=1791281424.933488	0	1
005-2007x2853	DUNE_VISUAL_AUDIT_READY tap activity-musclemap-detail-link [DUNEUITests/ActivityMuscleMapRegressionTests.swift:146] DEADLINE=1791281430.815514	0	1
005-1398x2034	DUNE_VISUAL_AUDIT_READY tap activity-musclemap-detail-link [DUNEUITests/ActivityMuscleMapRegressionTests.swift:146] DEADLINE=1791281430.815514	0	1
006-2007x2853	DUNE_VISUAL_AUDIT_READY tap musclemap-body-front-chest [DUNEUITests/ActivityMuscleMapRegressionTests.swift:173] DEADLINE=1791281437.039918	0	1
006-1398x2034	DUNE_VISUAL_AUDIT_READY tap musclemap-body-front-chest [DUNEUITests/ActivityMuscleMapRegressionTests.swift:173] DEADLINE=1791281437.039918	0	1
007-2007x2853	DUNE_VISUAL_AUDIT_READY tap 3D 근육맵 [DUNEUITests/ActivityMuscleMapRegressionTests.swift:165] DEADLINE=1791281445.982116	0	1
007-1398x2034	DUNE_VISUAL_AUDIT_READY tap 3D 근육맵 [DUNEUITests/ActivityMuscleMapRegressionTests.swift:165] DEADLINE=1791281445.982116	0	1
008-2007x2853	DUNE_VISUAL_AUDIT_READY 3D viewer after explicit navigation [DUNEUITests/ActivityMuscleMapRegressionTests.swift:115] DEADLINE=1791281451.441493	0	1
008-1398x2034	DUNE_VISUAL_AUDIT_READY 3D viewer after explicit navigation [DUNEUITests/ActivityMuscleMapRegressionTests.swift:115] DEADLINE=1791281451.441493	0	1
009-2007x2853	DUNE_VISUAL_AUDIT_READY before teardown -[ActivityMuscleMapRegressionTests testMuscleMap3DViewerExists] [DUNEUITests/UITestBaseCase.swift:118] DEADLINE=1791281454.688467	0	1
009-1398x2034	DUNE_VISUAL_AUDIT_READY before teardown -[ActivityMuscleMapRegressionTests testMuscleMap3DViewerExists] [DUNEUITests/UITestBaseCase.swift:118] DEADLINE=1791281454.688467	0	1
010-2007x2853	DUNE_VISUAL_AUDIT_READY root after setup -[WellnessRegressionTests testBodyHistoryEditAndSaveAtMaximumAccessibilityTextSize] [DUNEUITests/UITestBaseCase.swift:145] DEADLINE=1791281466.229484	0	1
010-1398x2034	DUNE_VISUAL_AUDIT_READY root after setup -[WellnessRegressionTests testBodyHistoryEditAndSaveAtMaximumAccessibilityTextSize] [DUNEUITests/UITestBaseCase.swift:145] DEADLINE=1791281466.229484	0	1
011-2007x2853	DUNE_VISUAL_AUDIT_READY tap wellness-link-bodyhistory [DUNEUITests/WellnessRegressionTests.swift:314] DEADLINE=1791281480.812949	0	1
011-1398x2034	DUNE_VISUAL_AUDIT_READY tap wellness-link-bodyhistory [DUNEUITests/WellnessRegressionTests.swift:314] DEADLINE=1791281480.812949	0	1
012-2007x2853	DUNE_VISUAL_AUDIT_READY tap body-history-edit-action [DUNEUITests/WellnessRegressionTests.swift:154] DEADLINE=1791281491.663666	0	1
012-1398x2034	DUNE_VISUAL_AUDIT_READY tap body-history-edit-action [DUNEUITests/WellnessRegressionTests.swift:154] DEADLINE=1791281491.663666	0	1
013-2007x2853	DUNE_VISUAL_AUDIT_READY tap body-form-weight [DUNEUITests/UITestHelpers.swift:1157] DEADLINE=1791281498.538406	0	1
013-1398x2034	DUNE_VISUAL_AUDIT_READY tap body-form-weight [DUNEUITests/UITestHelpers.swift:1157] DEADLINE=1791281498.538406	0	1
014-2007x2853	DUNE_VISUAL_AUDIT_READY tap body-form-weight-clear [DUNEUITests/UITestHelpers.swift:1168] DEADLINE=1791281504.866737	0	1
014-1398x2034	DUNE_VISUAL_AUDIT_READY tap body-form-weight-clear [DUNEUITests/UITestHelpers.swift:1168] DEADLINE=1791281504.866737	0	1
015-2007x2853	DUNE_VISUAL_AUDIT_READY Body edit weight with keyboard [DUNEUITests/WellnessRegressionTests.swift:162] DEADLINE=1791281510.210187	0	1
015-1398x2034	DUNE_VISUAL_AUDIT_READY Body edit weight with keyboard [DUNEUITests/WellnessRegressionTests.swift:162] DEADLINE=1791281510.210187	0	1
016-2007x2853	DUNE_VISUAL_AUDIT_READY tap body-form-keyboard-done [DUNEUITests/WellnessRegressionTests.swift:165] DEADLINE=1791281515.715569	0	1
016-1398x2034	DUNE_VISUAL_AUDIT_READY tap body-form-keyboard-done [DUNEUITests/WellnessRegressionTests.swift:165] DEADLINE=1791281515.715569	0	1
017-2007x2853	DUNE_VISUAL_AUDIT_READY Body edit field body-form-fat [DUNEUITests/WellnessRegressionTests.swift:180] DEADLINE=1791281521.681505	0	1
017-1398x2034	DUNE_VISUAL_AUDIT_READY Body edit field body-form-fat [DUNEUITests/WellnessRegressionTests.swift:180] DEADLINE=1791281521.681505	0	1
018-2007x2853	DUNE_VISUAL_AUDIT_READY Body edit field body-form-muscle [DUNEUITests/WellnessRegressionTests.swift:180] DEADLINE=1791281526.3955312	0	1
018-1398x2034	DUNE_VISUAL_AUDIT_READY Body edit field body-form-muscle [DUNEUITests/WellnessRegressionTests.swift:180] DEADLINE=1791281526.3955312	0	1
019-2007x2853	DUNE_VISUAL_AUDIT_READY Body edit lower fields with usable Save [DUNEUITests/WellnessRegressionTests.swift:187] DEADLINE=1791281530.88238	0	1
019-1398x2034	DUNE_VISUAL_AUDIT_READY Body edit lower fields with usable Save [DUNEUITests/WellnessRegressionTests.swift:187] DEADLINE=1791281530.88238	0	1
020-2007x2853	DUNE_VISUAL_AUDIT_READY tap body-form-save [DUNEUITests/WellnessRegressionTests.swift:188] DEADLINE=1791281534.738349	0	1
020-1398x2034	DUNE_VISUAL_AUDIT_READY tap body-form-save [DUNEUITests/WellnessRegressionTests.swift:188] DEADLINE=1791281534.738349	0	1
021-2007x2853	DUNE_VISUAL_AUDIT_READY Body history remains usable after saving [DUNEUITests/WellnessRegressionTests.swift:202] DEADLINE=1791281541.372822	0	1
021-1398x2034	DUNE_VISUAL_AUDIT_READY Body history remains usable after saving [DUNEUITests/WellnessRegressionTests.swift:202] DEADLINE=1791281541.372822	0	1
022-2007x2853	DUNE_VISUAL_AUDIT_READY before teardown -[WellnessRegressionTests testBodyHistoryEditAndSaveAtMaximumAccessibilityTextSize] [DUNEUITests/UITestBaseCase.swift:118] DEADLINE=1791281544.662533	0	1
022-1398x2034	DUNE_VISUAL_AUDIT_READY before teardown -[WellnessRegressionTests testBodyHistoryEditAndSaveAtMaximumAccessibilityTextSize] [DUNEUITests/UITestBaseCase.swift:118] DEADLINE=1791281544.662533	0	1
023-2007x2853	DUNE_VISUAL_AUDIT_READY root after setup -[WellnessRegressionTests testCompareMetricsSharesPeriodAndDismisses] [DUNEUITests/UITestBaseCase.swift:145] DEADLINE=1791281556.5188699	0	1
023-1398x2034	DUNE_VISUAL_AUDIT_READY root after setup -[WellnessRegressionTests testCompareMetricsSharesPeriodAndDismisses] [DUNEUITests/UITestBaseCase.swift:145] DEADLINE=1791281556.5188699	0	1
024-2007x2853	DUNE_VISUAL_AUDIT_READY tap wellness-compare-metrics [DUNEUITests/UITestHelpers.swift:610] DEADLINE=1791281561.7802072	0	1
024-1398x2034	DUNE_VISUAL_AUDIT_READY tap wellness-compare-metrics [DUNEUITests/UITestHelpers.swift:610] DEADLINE=1791281561.7802072	0	1
025-2007x2853	DUNE_VISUAL_AUDIT_READY Metric comparison charts initial viewport [DUNEUITests/WellnessRegressionTests.swift:40] DEADLINE=1791281570.090949	0	1
025-1398x2034	DUNE_VISUAL_AUDIT_READY Metric comparison charts initial viewport [DUNEUITests/WellnessRegressionTests.swift:40] DEADLINE=1791281570.090949	0	1
026-2007x2853	DUNE_VISUAL_AUDIT_READY Metric comparison charts lower viewport 1 [DUNEUITests/WellnessRegressionTests.swift:43] DEADLINE=1791281576.432919	0	1
026-1398x2034	DUNE_VISUAL_AUDIT_READY Metric comparison charts lower viewport 1 [DUNEUITests/WellnessRegressionTests.swift:43] DEADLINE=1791281576.432919	0	1
027-2007x2853	DUNE_VISUAL_AUDIT_READY Metric comparison charts lower viewport 2 [DUNEUITests/WellnessRegressionTests.swift:43] DEADLINE=1791281582.760673	0	1
027-1398x2034	DUNE_VISUAL_AUDIT_READY Metric comparison charts lower viewport 2 [DUNEUITests/WellnessRegressionTests.swift:43] DEADLINE=1791281582.760673	0	1
028-2007x2853	DUNE_VISUAL_AUDIT_READY Metric comparison charts lower viewport 3 [DUNEUITests/WellnessRegressionTests.swift:43] DEADLINE=1791281587.4260101	0	1
028-1398x2034	DUNE_VISUAL_AUDIT_READY Metric comparison charts lower viewport 3 [DUNEUITests/WellnessRegressionTests.swift:43] DEADLINE=1791281587.4260101	0	1
029-2007x2853	DUNE_VISUAL_AUDIT_READY tap metric-comparison-period [DUNEUITests/UITestHelpers.swift:586] DEADLINE=1791281599.709434	0	1
029-1398x2034	DUNE_VISUAL_AUDIT_READY tap metric-comparison-period [DUNEUITests/UITestHelpers.swift:586] DEADLINE=1791281599.709434	0	1
030-2007x2853	DUNE_VISUAL_AUDIT_READY tap metric-comparison-period-M [DUNEUITests/UITestHelpers.swift:586] DEADLINE=1791281605.3263469	0	1
030-1398x2034	DUNE_VISUAL_AUDIT_READY tap metric-comparison-period-M [DUNEUITests/UITestHelpers.swift:586] DEADLINE=1791281605.3263469	0	1
031-2007x2853	DUNE_VISUAL_AUDIT_READY tap metric-comparison-done [DUNEUITests/UITestHelpers.swift:586] DEADLINE=1791281610.951544	0	1
031-1398x2034	DUNE_VISUAL_AUDIT_READY tap metric-comparison-done [DUNEUITests/UITestHelpers.swift:586] DEADLINE=1791281610.951544	0	1
032-2007x2853	DUNE_VISUAL_AUDIT_READY before teardown -[WellnessRegressionTests testCompareMetricsSharesPeriodAndDismisses] [DUNEUITests/UITestBaseCase.swift:118] DEADLINE=1791281616.9797192	0	1
032-1398x2034	DUNE_VISUAL_AUDIT_READY before teardown -[WellnessRegressionTests testCompareMetricsSharesPeriodAndDismisses] [DUNEUITests/UITestBaseCase.swift:118] DEADLINE=1791281616.9797192	0	1
