001-2007x2853	DUNE_VISUAL_AUDIT_READY root after setup -[ActivityExerciseRegressionTests testWorkoutDraftAcrossRotationAtMaximumAccessibilityTextSize] [DUNEUITests/UITestBaseCase.swift:145] DEADLINE=1791282317.117718	0	1
001-1398x2034	DUNE_VISUAL_AUDIT_READY root after setup -[ActivityExerciseRegressionTests testWorkoutDraftAcrossRotationAtMaximumAccessibilityTextSize] [DUNEUITests/UITestBaseCase.swift:145] DEADLINE=1791282317.117718	0	1
002-2007x2853	DUNE_VISUAL_AUDIT_READY ORIENT:portrait [DUNEUITests/ActivityExerciseRegressionTests.swift:341] DEADLINE=1791282419.014283	0	1
002-1398x2034	DUNE_VISUAL_AUDIT_READY ORIENT:portrait [DUNEUITests/ActivityExerciseRegressionTests.swift:341] DEADLINE=1791282419.014283	0	1
003-2007x2853	DUNE_VISUAL_AUDIT_READY tap activity-toolbar-add [DUNEUITests/ActivityExerciseRegressionTests.swift:1441] DEADLINE=1791282341.341877	0	1
003-1398x2034	DUNE_VISUAL_AUDIT_READY tap activity-toolbar-add [DUNEUITests/ActivityExerciseRegressionTests.swift:1441] DEADLINE=1791282341.341877	0	1
004-2007x2853	DUNE_VISUAL_AUDIT_READY tap picker-search-field [DUNEUITests/UITestHelpers.swift:1157] DEADLINE=1791282348.941379	0	1
004-1398x2034	DUNE_VISUAL_AUDIT_READY tap picker-search-field [DUNEUITests/UITestHelpers.swift:1157] DEADLINE=1791282348.941379	0	1
005-2007x2853	DUNE_VISUAL_AUDIT_READY tap picker-search-done [DUNEUITests/ActivityExerciseRegressionTests.swift:1520] DEADLINE=1791282357.1055	0	1
005-1398x2034	DUNE_VISUAL_AUDIT_READY tap picker-search-done [DUNEUITests/ActivityExerciseRegressionTests.swift:1520] DEADLINE=1791282357.1055	0	1
006-2007x2853	DUNE_VISUAL_AUDIT_READY tap picker-detail-barbell-bench-press [DUNEUITests/ActivityExerciseRegressionTests.swift:1500] DEADLINE=1791282374.798428	0	1
006-1398x2034	DUNE_VISUAL_AUDIT_READY tap picker-detail-barbell-bench-press [DUNEUITests/ActivityExerciseRegressionTests.swift:1500] DEADLINE=1791282374.798428	0	1
007-2007x2853	DUNE_VISUAL_AUDIT_READY tap exercise-detail-start [DUNEUITests/ActivityExerciseRegressionTests.swift:1507] DEADLINE=1791282382.035562	0	1
007-1398x2034	DUNE_VISUAL_AUDIT_READY tap exercise-detail-start [DUNEUITests/ActivityExerciseRegressionTests.swift:1507] DEADLINE=1791282382.035562	0	1
008-2007x2853	DUNE_VISUAL_AUDIT_READY tap exercise-start-button [DUNEUITests/ActivityExerciseRegressionTests.swift:1514] DEADLINE=1791282388.8265328	0	1
008-1398x2034	DUNE_VISUAL_AUDIT_READY tap exercise-start-button [DUNEUITests/ActivityExerciseRegressionTests.swift:1514] DEADLINE=1791282388.8265328	0	1
009-2007x2853	DUNE_VISUAL_AUDIT_READY tap +2.5 [DUNEUITests/ActivityExerciseRegressionTests.swift:345] DEADLINE=1791282397.157141	0	1
009-1398x2034	DUNE_VISUAL_AUDIT_READY tap +2.5 [DUNEUITests/ActivityExerciseRegressionTests.swift:345] DEADLINE=1791282397.157141	0	1
010-2007x2853	DUNE_VISUAL_AUDIT_READY tap +1 [DUNEUITests/ActivityExerciseRegressionTests.swift:347] DEADLINE=1791282406.925669	0	1
010-1398x2034	DUNE_VISUAL_AUDIT_READY tap +1 [DUNEUITests/ActivityExerciseRegressionTests.swift:347] DEADLINE=1791282406.925669	0	1
011-2007x2853	DUNE_VISUAL_AUDIT_READY Workout portrait before rotation UICTContentSizeCategoryAccessibilityXXXL [DUNEUITests/ActivityExerciseRegressionTests.swift:350] DEADLINE=1791282410.817003	0	1
011-1398x2034	DUNE_VISUAL_AUDIT_READY Workout portrait before rotation UICTContentSizeCategoryAccessibilityXXXL [DUNEUITests/ActivityExerciseRegressionTests.swift:350] DEADLINE=1791282410.817003	0	1
012-2007x2853	DUNE_VISUAL_AUDIT_READY ORIENT:landscapeLeft [DUNEUITests/ActivityExerciseRegressionTests.swift:354] DEADLINE=1791282504.603754	0	1
012-1398x2034	DUNE_VISUAL_AUDIT_READY ORIENT:landscapeLeft [DUNEUITests/ActivityExerciseRegressionTests.swift:354] DEADLINE=1791282504.603754	0	1
013-2007x2853	DUNE_VISUAL_AUDIT_READY Workout rotated viewport preserves inputs UICTContentSizeCategoryAccessibilityXXXL [DUNEUITests/ActivityExerciseRegressionTests.swift:364] DEADLINE=1791282435.3995461	0	1
013-1398x2034	DUNE_VISUAL_AUDIT_READY Workout rotated viewport preserves inputs UICTContentSizeCategoryAccessibilityXXXL [DUNEUITests/ActivityExerciseRegressionTests.swift:364] DEADLINE=1791282435.3995461	0	1
014-2007x2853	DUNE_VISUAL_AUDIT_READY ORIENT:portrait [DUNEUITests/ActivityExerciseRegressionTests.swift:366] DEADLINE=1791282529.528687	0	1
014-1398x2034	DUNE_VISUAL_AUDIT_READY ORIENT:portrait [DUNEUITests/ActivityExerciseRegressionTests.swift:366] DEADLINE=1791282529.528687	0	1
015-2007x2853	DUNE_VISUAL_AUDIT_READY Workout portrait after rotation UICTContentSizeCategoryAccessibilityXXXL [DUNEUITests/ActivityExerciseRegressionTests.swift:376] DEADLINE=1791282470.8358011	0	1
015-1398x2034	DUNE_VISUAL_AUDIT_READY Workout portrait after rotation UICTContentSizeCategoryAccessibilityXXXL [DUNEUITests/ActivityExerciseRegressionTests.swift:376] DEADLINE=1791282470.8358011	0	1
016-2007x2853	DUNE_VISUAL_AUDIT_READY before teardown -[ActivityExerciseRegressionTests testWorkoutDraftAcrossRotationAtMaximumAccessibilityTextSize] [DUNEUITests/UITestBaseCase.swift:118] DEADLINE=1791282474.8948011	0	1
016-1398x2034	DUNE_VISUAL_AUDIT_READY before teardown -[ActivityExerciseRegressionTests testWorkoutDraftAcrossRotationAtMaximumAccessibilityTextSize] [DUNEUITests/UITestBaseCase.swift:118] DEADLINE=1791282474.8948011	0	1
