001-2007x2853	DUNE_VISUAL_AUDIT_READY root after setup -[ActivityExerciseRegressionTests testVisualAuditRestTimerAcrossFoldStates] [DUNEUITests/UITestBaseCase.swift:145] DEADLINE=1791285763.685511	0	1
001-1398x2034	DUNE_VISUAL_AUDIT_READY root after setup -[ActivityExerciseRegressionTests testVisualAuditRestTimerAcrossFoldStates] [DUNEUITests/UITestBaseCase.swift:145] DEADLINE=1791285763.685511	0	1
002-2007x2853	DUNE_VISUAL_AUDIT_READY tap activity-toolbar-add [DUNEUITests/ActivityExerciseRegressionTests.swift:1484] DEADLINE=1791285782.2434258	0	1
002-1398x2034	DUNE_VISUAL_AUDIT_READY tap activity-toolbar-add [DUNEUITests/ActivityExerciseRegressionTests.swift:1484] DEADLINE=1791285782.2434258	0	1
003-2007x2853	DUNE_VISUAL_AUDIT_READY tap picker-search-field [DUNEUITests/UITestHelpers.swift:1157] DEADLINE=1791285789.425035	0	1
003-1398x2034	DUNE_VISUAL_AUDIT_READY tap picker-search-field [DUNEUITests/UITestHelpers.swift:1157] DEADLINE=1791285789.425035	0	1
004-2007x2853	DUNE_VISUAL_AUDIT_READY tap picker-search-done [DUNEUITests/ActivityExerciseRegressionTests.swift:1563] DEADLINE=1791285797.7475271	0	1
004-1398x2034	DUNE_VISUAL_AUDIT_READY tap picker-search-done [DUNEUITests/ActivityExerciseRegressionTests.swift:1563] DEADLINE=1791285797.7475271	0	1
005-2007x2853	DUNE_VISUAL_AUDIT_READY tap picker-detail-barbell-bench-press [DUNEUITests/ActivityExerciseRegressionTests.swift:1543] DEADLINE=1791285816.15591	0	1
005-1398x2034	DUNE_VISUAL_AUDIT_READY tap picker-detail-barbell-bench-press [DUNEUITests/ActivityExerciseRegressionTests.swift:1543] DEADLINE=1791285816.15591	0	1
006-2007x2853	DUNE_VISUAL_AUDIT_READY tap exercise-detail-start [DUNEUITests/ActivityExerciseRegressionTests.swift:1550] DEADLINE=1791285823.496406	0	1
006-1398x2034	DUNE_VISUAL_AUDIT_READY tap exercise-detail-start [DUNEUITests/ActivityExerciseRegressionTests.swift:1550] DEADLINE=1791285823.496406	0	1
007-2007x2853	DUNE_VISUAL_AUDIT_READY tap exercise-start-button [DUNEUITests/ActivityExerciseRegressionTests.swift:1557] DEADLINE=1791285830.40057	0	1
007-1398x2034	DUNE_VISUAL_AUDIT_READY tap exercise-start-button [DUNEUITests/ActivityExerciseRegressionTests.swift:1557] DEADLINE=1791285830.40057	0	1
008-2007x2853	DUNE_VISUAL_AUDIT_READY tap +2.5 [DUNEUITests/ActivityExerciseRegressionTests.swift:426] DEADLINE=1791285839.115282	0	1
008-1398x2034	DUNE_VISUAL_AUDIT_READY tap +2.5 [DUNEUITests/ActivityExerciseRegressionTests.swift:426] DEADLINE=1791285839.115282	0	1
009-2007x2853	DUNE_VISUAL_AUDIT_READY tap +1 [DUNEUITests/ActivityExerciseRegressionTests.swift:432] DEADLINE=1791285847.866216	0	1
009-1398x2034	DUNE_VISUAL_AUDIT_READY tap +1 [DUNEUITests/ActivityExerciseRegressionTests.swift:432] DEADLINE=1791285847.866216	0	1
010-2007x2853	DUNE_VISUAL_AUDIT_READY tap workout-session-complete-set [DUNEUITests/ActivityExerciseRegressionTests.swift:451] DEADLINE=1791285868.5319362	0	1
010-1398x2034	DUNE_VISUAL_AUDIT_READY tap workout-session-complete-set [DUNEUITests/ActivityExerciseRegressionTests.swift:451] DEADLINE=1791285868.5319362	0	1
011-2007x2853	DUNE_VISUAL_AUDIT_READY Rest timer initial after first completed set [DUNEUITests/ActivityExerciseRegressionTests.swift:467] DEADLINE=1791285881.044866	0	1
011-1398x2034	DUNE_VISUAL_AUDIT_READY Rest timer initial after first completed set [DUNEUITests/ActivityExerciseRegressionTests.swift:467] DEADLINE=1791285881.044866	0	1
012-2007x2853	DUNE_VISUAL_AUDIT_READY FOLD:partiallyOpen [DUNEUITests/ActivityExerciseRegressionTests.swift:483] DEADLINE=1791285977.2443972	0	1
012-1398x2034	DUNE_VISUAL_AUDIT_READY FOLD:partiallyOpen [DUNEUITests/ActivityExerciseRegressionTests.swift:483] DEADLINE=1791285977.2443972	0	1
013-2007x2853	DUNE_VISUAL_AUDIT_READY Full rest countdown after FOLD:partiallyOpen [DUNEUITests/ActivityExerciseRegressionTests.swift:504] DEADLINE=1791285902.2483	0	1
013-1398x2034	DUNE_VISUAL_AUDIT_READY Full rest countdown after FOLD:partiallyOpen [DUNEUITests/ActivityExerciseRegressionTests.swift:504] DEADLINE=1791285902.2483	0	1
014-2007x2853	DUNE_VISUAL_AUDIT_READY FOLD:openFlat [DUNEUITests/ActivityExerciseRegressionTests.swift:483] DEADLINE=1791285996.3974419	0	1
014-1398x2034	DUNE_VISUAL_AUDIT_READY FOLD:openFlat [DUNEUITests/ActivityExerciseRegressionTests.swift:483] DEADLINE=1791285996.3974419	0	1
015-2007x2853	DUNE_VISUAL_AUDIT_READY Full rest countdown after FOLD:openFlat [DUNEUITests/ActivityExerciseRegressionTests.swift:504] DEADLINE=1791285918.101989	0	1
015-1398x2034	DUNE_VISUAL_AUDIT_READY Full rest countdown after FOLD:openFlat [DUNEUITests/ActivityExerciseRegressionTests.swift:504] DEADLINE=1791285918.101989	0	1
016-2007x2853	DUNE_VISUAL_AUDIT_READY FOLD:closed [DUNEUITests/ActivityExerciseRegressionTests.swift:483] DEADLINE=1791286012.139384	0	1
016-1398x2034	DUNE_VISUAL_AUDIT_READY FOLD:closed [DUNEUITests/ActivityExerciseRegressionTests.swift:483] DEADLINE=1791286012.139384	0	1
017-2007x2853	DUNE_VISUAL_AUDIT_READY Full rest countdown after FOLD:closed [DUNEUITests/ActivityExerciseRegressionTests.swift:504] DEADLINE=1791285933.6913428	0	1
017-1398x2034	DUNE_VISUAL_AUDIT_READY Full rest countdown after FOLD:closed [DUNEUITests/ActivityExerciseRegressionTests.swift:504] DEADLINE=1791285933.6913428	0	1
018-2007x2853	DUNE_VISUAL_AUDIT_READY tap workout-session-skip-rest [DUNEUITests/ActivityExerciseRegressionTests.swift:512] DEADLINE=1791286002.609951	0	1
018-1398x2034	DUNE_VISUAL_AUDIT_READY tap workout-session-skip-rest [DUNEUITests/ActivityExerciseRegressionTests.swift:512] DEADLINE=1791286002.609951	0	1
019-2007x2853	DUNE_VISUAL_AUDIT_READY Next set immediately after skipping rest [DUNEUITests/ActivityExerciseRegressionTests.swift:515] DEADLINE=1791286007.879758	0	1
019-1398x2034	DUNE_VISUAL_AUDIT_READY Next set immediately after skipping rest [DUNEUITests/ActivityExerciseRegressionTests.swift:515] DEADLINE=1791286007.879758	0	1
020-2007x2853	DUNE_VISUAL_AUDIT_READY Next-set kg fully visible after skipping rest [DUNEUITests/ActivityExerciseRegressionTests.swift:533] DEADLINE=1791286013.025173	0	1
020-1398x2034	DUNE_VISUAL_AUDIT_READY Next-set kg fully visible after skipping rest [DUNEUITests/ActivityExerciseRegressionTests.swift:533] DEADLINE=1791286013.025173	0	1
021-2007x2853	DUNE_VISUAL_AUDIT_READY Next-set reps fully visible after skipping rest [DUNEUITests/ActivityExerciseRegressionTests.swift:533] DEADLINE=1791286018.175787	0	1
021-1398x2034	DUNE_VISUAL_AUDIT_READY Next-set reps fully visible after skipping rest [DUNEUITests/ActivityExerciseRegressionTests.swift:533] DEADLINE=1791286018.175787	0	1
022-2007x2853	DUNE_VISUAL_AUDIT_READY before teardown -[ActivityExerciseRegressionTests testVisualAuditRestTimerAcrossFoldStates] [DUNEUITests/UITestBaseCase.swift:118] DEADLINE=1791286025.892373	0	1
022-1398x2034	DUNE_VISUAL_AUDIT_READY before teardown -[ActivityExerciseRegressionTests testVisualAuditRestTimerAcrossFoldStates] [DUNEUITests/UITestBaseCase.swift:118] DEADLINE=1791286025.892373	0	1
