001-2007x2853	DUNE_VISUAL_AUDIT_READY root after setup -[ActivityExerciseRegressionTests testWorkoutDraftAndRestTimerAtMaximumAccessibilityTextSize] [DUNEUITests/UITestBaseCase.swift:145] DEADLINE=1791283640.171801	0	1
001-1398x2034	DUNE_VISUAL_AUDIT_READY root after setup -[ActivityExerciseRegressionTests testWorkoutDraftAndRestTimerAtMaximumAccessibilityTextSize] [DUNEUITests/UITestBaseCase.swift:145] DEADLINE=1791283640.171801	0	1
002-2007x2853	DUNE_VISUAL_AUDIT_READY tap activity-toolbar-add [DUNEUITests/ActivityExerciseRegressionTests.swift:1442] DEADLINE=1791283658.859702	0	1
002-1398x2034	DUNE_VISUAL_AUDIT_READY tap activity-toolbar-add [DUNEUITests/ActivityExerciseRegressionTests.swift:1442] DEADLINE=1791283658.859702	0	1
003-2007x2853	DUNE_VISUAL_AUDIT_READY tap picker-search-field [DUNEUITests/UITestHelpers.swift:1157] DEADLINE=1791283666.392675	0	1
003-1398x2034	DUNE_VISUAL_AUDIT_READY tap picker-search-field [DUNEUITests/UITestHelpers.swift:1157] DEADLINE=1791283666.392675	0	1
004-2007x2853	DUNE_VISUAL_AUDIT_READY tap picker-search-done [DUNEUITests/ActivityExerciseRegressionTests.swift:1521] DEADLINE=1791283674.5328832	0	1
004-1398x2034	DUNE_VISUAL_AUDIT_READY tap picker-search-done [DUNEUITests/ActivityExerciseRegressionTests.swift:1521] DEADLINE=1791283674.5328832	0	1
005-2007x2853	DUNE_VISUAL_AUDIT_READY tap picker-detail-barbell-bench-press [DUNEUITests/ActivityExerciseRegressionTests.swift:1501] DEADLINE=1791283691.923586	0	1
005-1398x2034	DUNE_VISUAL_AUDIT_READY tap picker-detail-barbell-bench-press [DUNEUITests/ActivityExerciseRegressionTests.swift:1501] DEADLINE=1791283691.923586	0	1
006-2007x2853	DUNE_VISUAL_AUDIT_READY tap exercise-detail-start [DUNEUITests/ActivityExerciseRegressionTests.swift:1508] DEADLINE=1791283699.747817	0	1
006-1398x2034	DUNE_VISUAL_AUDIT_READY tap exercise-detail-start [DUNEUITests/ActivityExerciseRegressionTests.swift:1508] DEADLINE=1791283699.747817	0	1
007-2007x2853	DUNE_VISUAL_AUDIT_READY tap exercise-start-button [DUNEUITests/ActivityExerciseRegressionTests.swift:1515] DEADLINE=1791283706.942473	0	1
007-1398x2034	DUNE_VISUAL_AUDIT_READY tap exercise-start-button [DUNEUITests/ActivityExerciseRegressionTests.swift:1515] DEADLINE=1791283706.942473	0	1
008-2007x2853	DUNE_VISUAL_AUDIT_READY tap +2.5 [DUNEUITests/ActivityExerciseRegressionTests.swift:396] DEADLINE=1791283716.5338368	0	1
008-1398x2034	DUNE_VISUAL_AUDIT_READY tap +2.5 [DUNEUITests/ActivityExerciseRegressionTests.swift:396] DEADLINE=1791283716.5338368	0	1
009-2007x2853	DUNE_VISUAL_AUDIT_READY tap +1 [DUNEUITests/ActivityExerciseRegressionTests.swift:402] DEADLINE=1791283727.544594	0	1
009-1398x2034	DUNE_VISUAL_AUDIT_READY tap +1 [DUNEUITests/ActivityExerciseRegressionTests.swift:402] DEADLINE=1791283727.544594	0	1
010-2007x2853	DUNE_VISUAL_AUDIT_READY tap workout-session-complete-set [DUNEUITests/ActivityExerciseRegressionTests.swift:417] DEADLINE=1791283756.860445	0	1
010-1398x2034	DUNE_VISUAL_AUDIT_READY tap workout-session-complete-set [DUNEUITests/ActivityExerciseRegressionTests.swift:417] DEADLINE=1791283756.860445	0	1
011-2007x2853	DUNE_VISUAL_AUDIT_READY Rest timer initial after first completed set [DUNEUITests/ActivityExerciseRegressionTests.swift:433] DEADLINE=1791283777.582354	0	1
011-1398x2034	DUNE_VISUAL_AUDIT_READY Rest timer initial after first completed set [DUNEUITests/ActivityExerciseRegressionTests.swift:433] DEADLINE=1791283777.582354	0	1
012-2007x2853	DUNE_VISUAL_AUDIT_READY tap workout-session-skip-rest [DUNEUITests/ActivityExerciseRegressionTests.swift:478] DEADLINE=1791283791.520725	0	1
012-1398x2034	DUNE_VISUAL_AUDIT_READY tap workout-session-skip-rest [DUNEUITests/ActivityExerciseRegressionTests.swift:478] DEADLINE=1791283791.520725	0	1
013-2007x2853	DUNE_VISUAL_AUDIT_READY Next set immediately after skipping rest [DUNEUITests/ActivityExerciseRegressionTests.swift:481] DEADLINE=1791283796.6910272	0	1
013-1398x2034	DUNE_VISUAL_AUDIT_READY Next set immediately after skipping rest [DUNEUITests/ActivityExerciseRegressionTests.swift:481] DEADLINE=1791283796.6910272	0	1
014-2007x2853	DUNE_VISUAL_AUDIT_READY Next-set kg fully visible after skipping rest [DUNEUITests/ActivityExerciseRegressionTests.swift:491] DEADLINE=1791283823.838434	0	1
014-1398x2034	DUNE_VISUAL_AUDIT_READY Next-set kg fully visible after skipping rest [DUNEUITests/ActivityExerciseRegressionTests.swift:491] DEADLINE=1791283823.838434	0	1
015-2007x2853	DUNE_VISUAL_AUDIT_READY Next-set reps fully visible after skipping rest [DUNEUITests/ActivityExerciseRegressionTests.swift:491] DEADLINE=1791283832.348031	0	1
015-1398x2034	DUNE_VISUAL_AUDIT_READY Next-set reps fully visible after skipping rest [DUNEUITests/ActivityExerciseRegressionTests.swift:491] DEADLINE=1791283832.348031	0	1
016-2007x2853	DUNE_VISUAL_AUDIT_READY before teardown -[ActivityExerciseRegressionTests testWorkoutDraftAndRestTimerAtMaximumAccessibilityTextSize] [DUNEUITests/UITestBaseCase.swift:118] DEADLINE=1791283837.55193	0	1
016-1398x2034	DUNE_VISUAL_AUDIT_READY before teardown -[ActivityExerciseRegressionTests testWorkoutDraftAndRestTimerAtMaximumAccessibilityTextSize] [DUNEUITests/UITestBaseCase.swift:118] DEADLINE=1791283837.55193	0	1
