001-2007x2853	DUNE_VISUAL_AUDIT_READY root after setup -[ActivityMuscleMapRegressionTests testMuscleMap3DViewerExists] [DUNEUITests/UITestBaseCase.swift:145] DEADLINE=1791283247.4489799	0	1
001-1398x2034	DUNE_VISUAL_AUDIT_READY root after setup -[ActivityMuscleMapRegressionTests testMuscleMap3DViewerExists] [DUNEUITests/UITestBaseCase.swift:145] DEADLINE=1791283247.4489799	0	1
002-2007x2853	DUNE_VISUAL_AUDIT_READY Muscle Map short drag 1 [DUNEUITests/ActivityMuscleMapRegressionTests.swift:146] DEADLINE=1791283255.185433	0	1
002-1398x2034	DUNE_VISUAL_AUDIT_READY Muscle Map short drag 1 [DUNEUITests/ActivityMuscleMapRegressionTests.swift:146] DEADLINE=1791283255.185433	0	1
003-2007x2853	DUNE_VISUAL_AUDIT_READY Muscle Map short drag 2 [DUNEUITests/ActivityMuscleMapRegressionTests.swift:146] DEADLINE=1791283260.2483912	0	1
003-1398x2034	DUNE_VISUAL_AUDIT_READY Muscle Map short drag 2 [DUNEUITests/ActivityMuscleMapRegressionTests.swift:146] DEADLINE=1791283260.2483912	0	1
004-2007x2853	DUNE_VISUAL_AUDIT_READY Muscle Map short drag 3 [DUNEUITests/ActivityMuscleMapRegressionTests.swift:146] DEADLINE=1791283265.26313	0	1
004-1398x2034	DUNE_VISUAL_AUDIT_READY Muscle Map short drag 3 [DUNEUITests/ActivityMuscleMapRegressionTests.swift:146] DEADLINE=1791283265.26313	0	1
005-2007x2853	DUNE_VISUAL_AUDIT_READY Muscle Map short drag 4 [DUNEUITests/ActivityMuscleMapRegressionTests.swift:146] DEADLINE=1791283270.298168	0	1
005-1398x2034	DUNE_VISUAL_AUDIT_READY Muscle Map short drag 4 [DUNEUITests/ActivityMuscleMapRegressionTests.swift:146] DEADLINE=1791283270.298168	0	1
006-2007x2853	DUNE_VISUAL_AUDIT_READY Muscle Map short drag 5 [DUNEUITests/ActivityMuscleMapRegressionTests.swift:146] DEADLINE=1791283275.337837	0	1
006-1398x2034	DUNE_VISUAL_AUDIT_READY Muscle Map short drag 5 [DUNEUITests/ActivityMuscleMapRegressionTests.swift:146] DEADLINE=1791283275.337837	0	1
007-2007x2853	DUNE_VISUAL_AUDIT_READY Muscle Map short drag 6 [DUNEUITests/ActivityMuscleMapRegressionTests.swift:146] DEADLINE=1791283280.339342	0	1
007-1398x2034	DUNE_VISUAL_AUDIT_READY Muscle Map short drag 6 [DUNEUITests/ActivityMuscleMapRegressionTests.swift:146] DEADLINE=1791283280.339342	0	1
008-2007x2853	DUNE_VISUAL_AUDIT_READY Muscle Map short drag 7 [DUNEUITests/ActivityMuscleMapRegressionTests.swift:146] DEADLINE=1791283285.327272	0	1
008-1398x2034	DUNE_VISUAL_AUDIT_READY Muscle Map short drag 7 [DUNEUITests/ActivityMuscleMapRegressionTests.swift:146] DEADLINE=1791283285.327272	0	1
009-2007x2853	DUNE_VISUAL_AUDIT_READY Muscle Map entry after slow scrolling [DUNEUITests/ActivityMuscleMapRegressionTests.swift:148] DEADLINE=1791283290.7306728	0	1
009-1398x2034	DUNE_VISUAL_AUDIT_READY Muscle Map entry after slow scrolling [DUNEUITests/ActivityMuscleMapRegressionTests.swift:148] DEADLINE=1791283290.7306728	0	1
010-2007x2853	DUNE_VISUAL_AUDIT_READY tap activity-musclemap-detail-link [DUNEUITests/ActivityMuscleMapRegressionTests.swift:157] DEADLINE=1791283296.765726	0	1
010-1398x2034	DUNE_VISUAL_AUDIT_READY tap activity-musclemap-detail-link [DUNEUITests/ActivityMuscleMapRegressionTests.swift:157] DEADLINE=1791283296.765726	0	1
011-2007x2853	DUNE_VISUAL_AUDIT_READY tap musclemap-body-front-chest [DUNEUITests/ActivityMuscleMapRegressionTests.swift:184] DEADLINE=1791283302.932591	0	1
011-1398x2034	DUNE_VISUAL_AUDIT_READY tap musclemap-body-front-chest [DUNEUITests/ActivityMuscleMapRegressionTests.swift:184] DEADLINE=1791283302.932591	0	1
012-2007x2853	DUNE_VISUAL_AUDIT_READY tap 3D 근육맵 [DUNEUITests/ActivityMuscleMapRegressionTests.swift:176] DEADLINE=1791283310.590378	0	1
012-1398x2034	DUNE_VISUAL_AUDIT_READY tap 3D 근육맵 [DUNEUITests/ActivityMuscleMapRegressionTests.swift:176] DEADLINE=1791283310.590378	0	1
013-2007x2853	DUNE_VISUAL_AUDIT_READY 3D viewer after explicit navigation [DUNEUITests/ActivityMuscleMapRegressionTests.swift:120] DEADLINE=1791283316.1572108	0	1
013-1398x2034	DUNE_VISUAL_AUDIT_READY 3D viewer after explicit navigation [DUNEUITests/ActivityMuscleMapRegressionTests.swift:120] DEADLINE=1791283316.1572108	0	1
014-2007x2853	DUNE_VISUAL_AUDIT_READY 3D accessibility controls after scrolling [DUNEUITests/ActivityMuscleMapRegressionTests.swift:125] DEADLINE=1791283319.8432589	0	1
014-1398x2034	DUNE_VISUAL_AUDIT_READY 3D accessibility controls after scrolling [DUNEUITests/ActivityMuscleMapRegressionTests.swift:125] DEADLINE=1791283319.8432589	0	1
015-2007x2853	DUNE_VISUAL_AUDIT_READY before teardown -[ActivityMuscleMapRegressionTests testMuscleMap3DViewerExists] [DUNEUITests/UITestBaseCase.swift:118] DEADLINE=1791283323.1727839	0	1
015-1398x2034	DUNE_VISUAL_AUDIT_READY before teardown -[ActivityMuscleMapRegressionTests testMuscleMap3DViewerExists] [DUNEUITests/UITestBaseCase.swift:118] DEADLINE=1791283323.1727839	0	1
