001-2007x2853	DUNE_VISUAL_AUDIT_READY root after setup -[ActivityExerciseRegressionTests testWorkoutDraftAndRestTimerAtMaximumAccessibilityTextSize] [DUNEUITests/UITestBaseCase.swift:145] DEADLINE=1791285565.686755	0	1
001-1398x2034	DUNE_VISUAL_AUDIT_READY root after setup -[ActivityExerciseRegressionTests testWorkoutDraftAndRestTimerAtMaximumAccessibilityTextSize] [DUNEUITests/UITestBaseCase.swift:145] DEADLINE=1791285565.686755	0	1
002-2007x2853	DUNE_VISUAL_AUDIT_READY tap activity-toolbar-add [DUNEUITests/ActivityExerciseRegressionTests.swift:1484] DEADLINE=1791285584.504173	0	1
002-1398x2034	DUNE_VISUAL_AUDIT_READY tap activity-toolbar-add [DUNEUITests/ActivityExerciseRegressionTests.swift:1484] DEADLINE=1791285584.504173	0	1
003-2007x2853	DUNE_VISUAL_AUDIT_READY tap picker-search-field [DUNEUITests/UITestHelpers.swift:1157] DEADLINE=1791285591.9298248	0	1
003-1398x2034	DUNE_VISUAL_AUDIT_READY tap picker-search-field [DUNEUITests/UITestHelpers.swift:1157] DEADLINE=1791285591.9298248	0	1
004-2007x2853	DUNE_VISUAL_AUDIT_READY tap picker-search-done [DUNEUITests/ActivityExerciseRegressionTests.swift:1563] DEADLINE=1791285600.031218	0	1
004-1398x2034	DUNE_VISUAL_AUDIT_READY tap picker-search-done [DUNEUITests/ActivityExerciseRegressionTests.swift:1563] DEADLINE=1791285600.031218	0	1
005-2007x2853	DUNE_VISUAL_AUDIT_READY tap picker-detail-barbell-bench-press [DUNEUITests/ActivityExerciseRegressionTests.swift:1543] DEADLINE=1791285617.442601	0	1
005-1398x2034	DUNE_VISUAL_AUDIT_READY tap picker-detail-barbell-bench-press [DUNEUITests/ActivityExerciseRegressionTests.swift:1543] DEADLINE=1791285617.442601	0	1
006-2007x2853	DUNE_VISUAL_AUDIT_READY tap exercise-detail-start [DUNEUITests/ActivityExerciseRegressionTests.swift:1550] DEADLINE=1791285624.526318	0	1
006-1398x2034	DUNE_VISUAL_AUDIT_READY tap exercise-detail-start [DUNEUITests/ActivityExerciseRegressionTests.swift:1550] DEADLINE=1791285624.526318	0	1
007-2007x2853	DUNE_VISUAL_AUDIT_READY tap exercise-start-button [DUNEUITests/ActivityExerciseRegressionTests.swift:1557] DEADLINE=1791285631.3364248	0	1
007-1398x2034	DUNE_VISUAL_AUDIT_READY tap exercise-start-button [DUNEUITests/ActivityExerciseRegressionTests.swift:1557] DEADLINE=1791285631.3364248	0	1
008-2007x2853	DUNE_VISUAL_AUDIT_READY tap +2.5 [DUNEUITests/ActivityExerciseRegressionTests.swift:426] DEADLINE=1791285639.920114	0	1
008-1398x2034	DUNE_VISUAL_AUDIT_READY tap +2.5 [DUNEUITests/ActivityExerciseRegressionTests.swift:426] DEADLINE=1791285639.920114	0	1
009-2007x2853	DUNE_VISUAL_AUDIT_READY tap +1 [DUNEUITests/ActivityExerciseRegressionTests.swift:432] DEADLINE=1791285648.3925838	0	1
009-1398x2034	DUNE_VISUAL_AUDIT_READY tap +1 [DUNEUITests/ActivityExerciseRegressionTests.swift:432] DEADLINE=1791285648.3925838	0	1
010-2007x2853	DUNE_VISUAL_AUDIT_READY tap workout-session-complete-set [DUNEUITests/ActivityExerciseRegressionTests.swift:451] DEADLINE=1791285668.806418	0	1
010-1398x2034	DUNE_VISUAL_AUDIT_READY tap workout-session-complete-set [DUNEUITests/ActivityExerciseRegressionTests.swift:451] DEADLINE=1791285668.806418	0	1
011-2007x2853	DUNE_VISUAL_AUDIT_READY Rest timer initial after first completed set [DUNEUITests/ActivityExerciseRegressionTests.swift:467] DEADLINE=1791285690.7527251	0	1
011-1398x2034	DUNE_VISUAL_AUDIT_READY Rest timer initial after first completed set [DUNEUITests/ActivityExerciseRegressionTests.swift:467] DEADLINE=1791285690.7527251	0	1
012-2007x2853	DUNE_VISUAL_AUDIT_READY tap workout-session-skip-rest [DUNEUITests/ActivityExerciseRegressionTests.swift:512] DEADLINE=1791285704.5391998	0	1
012-1398x2034	DUNE_VISUAL_AUDIT_READY tap workout-session-skip-rest [DUNEUITests/ActivityExerciseRegressionTests.swift:512] DEADLINE=1791285704.5391998	0	1
013-2007x2853	DUNE_VISUAL_AUDIT_READY Next set immediately after skipping rest [DUNEUITests/ActivityExerciseRegressionTests.swift:515] DEADLINE=1791285709.5348911	0	1
013-1398x2034	DUNE_VISUAL_AUDIT_READY Next set immediately after skipping rest [DUNEUITests/ActivityExerciseRegressionTests.swift:515] DEADLINE=1791285709.5348911	0	1
014-2007x2853	DUNE_VISUAL_AUDIT_READY Next-set kg fully visible after skipping rest [DUNEUITests/ActivityExerciseRegressionTests.swift:533] DEADLINE=1791285714.893159	0	1
014-1398x2034	DUNE_VISUAL_AUDIT_READY Next-set kg fully visible after skipping rest [DUNEUITests/ActivityExerciseRegressionTests.swift:533] DEADLINE=1791285714.893159	0	1
015-2007x2853	DUNE_VISUAL_AUDIT_READY Next-set reps fully visible after skipping rest [DUNEUITests/ActivityExerciseRegressionTests.swift:533] DEADLINE=1791285720.163608	0	1
015-1398x2034	DUNE_VISUAL_AUDIT_READY Next-set reps fully visible after skipping rest [DUNEUITests/ActivityExerciseRegressionTests.swift:533] DEADLINE=1791285720.163608	0	1
016-2007x2853	DUNE_VISUAL_AUDIT_READY before teardown -[ActivityExerciseRegressionTests testWorkoutDraftAndRestTimerAtMaximumAccessibilityTextSize] [DUNEUITests/UITestBaseCase.swift:118] DEADLINE=1791285725.267313	0	1
016-1398x2034	DUNE_VISUAL_AUDIT_READY before teardown -[ActivityExerciseRegressionTests testWorkoutDraftAndRestTimerAtMaximumAccessibilityTextSize] [DUNEUITests/UITestBaseCase.swift:118] DEADLINE=1791285725.267313	0	1
