001-2007x2853	DUNE_VISUAL_AUDIT_READY root after setup -[ActivityExerciseRegressionTests testWorkoutDraftAcrossRotationAtMaximumAccessibilityTextSize] [DUNEUITests/UITestBaseCase.swift:145] DEADLINE=1791286058.3898668	0	1
001-1398x2034	DUNE_VISUAL_AUDIT_READY root after setup -[ActivityExerciseRegressionTests testWorkoutDraftAcrossRotationAtMaximumAccessibilityTextSize] [DUNEUITests/UITestBaseCase.swift:145] DEADLINE=1791286058.3898668	0	1
002-2007x2853	DUNE_VISUAL_AUDIT_READY ORIENT:portrait [DUNEUITests/ActivityExerciseRegressionTests.swift:370] DEADLINE=1791286160.229815	0	1
002-1398x2034	DUNE_VISUAL_AUDIT_READY ORIENT:portrait [DUNEUITests/ActivityExerciseRegressionTests.swift:370] DEADLINE=1791286160.229815	0	1
003-2007x2853	DUNE_VISUAL_AUDIT_READY tap activity-toolbar-add [DUNEUITests/ActivityExerciseRegressionTests.swift:1484] DEADLINE=1791286083.118308	0	1
003-1398x2034	DUNE_VISUAL_AUDIT_READY tap activity-toolbar-add [DUNEUITests/ActivityExerciseRegressionTests.swift:1484] DEADLINE=1791286083.118308	0	1
004-2007x2853	DUNE_VISUAL_AUDIT_READY tap picker-search-field [DUNEUITests/UITestHelpers.swift:1157] DEADLINE=1791286090.851643	0	1
004-1398x2034	DUNE_VISUAL_AUDIT_READY tap picker-search-field [DUNEUITests/UITestHelpers.swift:1157] DEADLINE=1791286090.851643	0	1
005-2007x2853	DUNE_VISUAL_AUDIT_READY tap picker-search-done [DUNEUITests/ActivityExerciseRegressionTests.swift:1563] DEADLINE=1791286099.0862079	0	1
005-1398x2034	DUNE_VISUAL_AUDIT_READY tap picker-search-done [DUNEUITests/ActivityExerciseRegressionTests.swift:1563] DEADLINE=1791286099.0862079	0	1
006-2007x2853	DUNE_VISUAL_AUDIT_READY tap picker-detail-barbell-bench-press [DUNEUITests/ActivityExerciseRegressionTests.swift:1543] DEADLINE=1791286116.7832751	0	1
006-1398x2034	DUNE_VISUAL_AUDIT_READY tap picker-detail-barbell-bench-press [DUNEUITests/ActivityExerciseRegressionTests.swift:1543] DEADLINE=1791286116.7832751	0	1
007-2007x2853	DUNE_VISUAL_AUDIT_READY tap exercise-detail-start [DUNEUITests/ActivityExerciseRegressionTests.swift:1550] DEADLINE=1791286124.1524029	0	1
007-1398x2034	DUNE_VISUAL_AUDIT_READY tap exercise-detail-start [DUNEUITests/ActivityExerciseRegressionTests.swift:1550] DEADLINE=1791286124.1524029	0	1
008-2007x2853	DUNE_VISUAL_AUDIT_READY tap exercise-start-button [DUNEUITests/ActivityExerciseRegressionTests.swift:1557] DEADLINE=1791286131.125241	0	1
008-1398x2034	DUNE_VISUAL_AUDIT_READY tap exercise-start-button [DUNEUITests/ActivityExerciseRegressionTests.swift:1557] DEADLINE=1791286131.125241	0	1
009-2007x2853	DUNE_VISUAL_AUDIT_READY tap +2.5 [DUNEUITests/ActivityExerciseRegressionTests.swift:374] DEADLINE=1791286140.362722	0	1
009-1398x2034	DUNE_VISUAL_AUDIT_READY tap +2.5 [DUNEUITests/ActivityExerciseRegressionTests.swift:374] DEADLINE=1791286140.362722	0	1
010-2007x2853	DUNE_VISUAL_AUDIT_READY tap +1 [DUNEUITests/ActivityExerciseRegressionTests.swift:376] DEADLINE=1791286146.4255462	0	1
010-1398x2034	DUNE_VISUAL_AUDIT_READY tap +1 [DUNEUITests/ActivityExerciseRegressionTests.swift:376] DEADLINE=1791286146.4255462	0	1
011-2007x2853	DUNE_VISUAL_AUDIT_READY Workout portrait before rotation UICTContentSizeCategoryAccessibilityXXXL [DUNEUITests/ActivityExerciseRegressionTests.swift:379] DEADLINE=1791286150.497241	0	1
011-1398x2034	DUNE_VISUAL_AUDIT_READY Workout portrait before rotation UICTContentSizeCategoryAccessibilityXXXL [DUNEUITests/ActivityExerciseRegressionTests.swift:379] DEADLINE=1791286150.497241	0	1
012-2007x2853	DUNE_VISUAL_AUDIT_READY ORIENT:landscapeLeft [DUNEUITests/ActivityExerciseRegressionTests.swift:383] DEADLINE=1791286244.504506	0	1
012-1398x2034	DUNE_VISUAL_AUDIT_READY ORIENT:landscapeLeft [DUNEUITests/ActivityExerciseRegressionTests.swift:383] DEADLINE=1791286244.504506	0	1
013-2007x2853	DUNE_VISUAL_AUDIT_READY Workout rotated viewport preserves inputs UICTContentSizeCategoryAccessibilityXXXL [DUNEUITests/ActivityExerciseRegressionTests.swift:393] DEADLINE=1791286176.053004	0	1
013-1398x2034	DUNE_VISUAL_AUDIT_READY Workout rotated viewport preserves inputs UICTContentSizeCategoryAccessibilityXXXL [DUNEUITests/ActivityExerciseRegressionTests.swift:393] DEADLINE=1791286176.053004	0	1
014-2007x2853	DUNE_VISUAL_AUDIT_READY ORIENT:portrait [DUNEUITests/ActivityExerciseRegressionTests.swift:395] DEADLINE=1791286270.1422272	0	1
014-1398x2034	DUNE_VISUAL_AUDIT_READY ORIENT:portrait [DUNEUITests/ActivityExerciseRegressionTests.swift:395] DEADLINE=1791286270.1422272	0	1
015-2007x2853	DUNE_VISUAL_AUDIT_READY Workout portrait after rotation UICTContentSizeCategoryAccessibilityXXXL [DUNEUITests/ActivityExerciseRegressionTests.swift:405] DEADLINE=1791286195.5501862	0	1
015-1398x2034	DUNE_VISUAL_AUDIT_READY Workout portrait after rotation UICTContentSizeCategoryAccessibilityXXXL [DUNEUITests/ActivityExerciseRegressionTests.swift:405] DEADLINE=1791286195.5501862	0	1
016-2007x2853	DUNE_VISUAL_AUDIT_READY before teardown -[ActivityExerciseRegressionTests testWorkoutDraftAcrossRotationAtMaximumAccessibilityTextSize] [DUNEUITests/UITestBaseCase.swift:118] DEADLINE=1791286199.596047	0	1
016-1398x2034	DUNE_VISUAL_AUDIT_READY before teardown -[ActivityExerciseRegressionTests testWorkoutDraftAcrossRotationAtMaximumAccessibilityTextSize] [DUNEUITests/UITestBaseCase.swift:118] DEADLINE=1791286199.596047	0	1
