001-2007x2853	DUNE_VISUAL_AUDIT_READY root after setup -[ActivityExerciseRegressionTests testWeeklyStatsValuesAtMaximumAccessibilityTextSize] [DUNEUITests/UITestBaseCase.swift:145] DEADLINE=1791284066.1352072	0	1
001-1398x2034	DUNE_VISUAL_AUDIT_READY root after setup -[ActivityExerciseRegressionTests testWeeklyStatsValuesAtMaximumAccessibilityTextSize] [DUNEUITests/UITestBaseCase.swift:145] DEADLINE=1791284066.1352072	0	1
002-2007x2853	DUNE_VISUAL_AUDIT_READY Weekly volume value at maximum accessibility size [DUNEUITests/ActivityExerciseRegressionTests.swift:47] DEADLINE=1791284083.741559	0	1
002-1398x2034	DUNE_VISUAL_AUDIT_READY Weekly volume value at maximum accessibility size [DUNEUITests/ActivityExerciseRegressionTests.swift:47] DEADLINE=1791284083.741559	0	1
003-2007x2853	DUNE_VISUAL_AUDIT_READY Weekly calories value at maximum accessibility size [DUNEUITests/ActivityExerciseRegressionTests.swift:47] DEADLINE=1791284088.1016521	0	1
003-1398x2034	DUNE_VISUAL_AUDIT_READY Weekly calories value at maximum accessibility size [DUNEUITests/ActivityExerciseRegressionTests.swift:47] DEADLINE=1791284088.1016521	0	1
004-2007x2853	DUNE_VISUAL_AUDIT_READY Weekly duration value at maximum accessibility size [DUNEUITests/ActivityExerciseRegressionTests.swift:47] DEADLINE=1791284095.333839	0	1
004-1398x2034	DUNE_VISUAL_AUDIT_READY Weekly duration value at maximum accessibility size [DUNEUITests/ActivityExerciseRegressionTests.swift:47] DEADLINE=1791284095.333839	0	1
005-2007x2853	DUNE_VISUAL_AUDIT_READY Weekly activeDays value at maximum accessibility size [DUNEUITests/ActivityExerciseRegressionTests.swift:47] DEADLINE=1791284099.557682	0	1
005-1398x2034	DUNE_VISUAL_AUDIT_READY Weekly activeDays value at maximum accessibility size [DUNEUITests/ActivityExerciseRegressionTests.swift:47] DEADLINE=1791284099.557682	0	1
006-2007x2853	DUNE_VISUAL_AUDIT_READY before teardown -[ActivityExerciseRegressionTests testWeeklyStatsValuesAtMaximumAccessibilityTextSize] [DUNEUITests/UITestBaseCase.swift:118] DEADLINE=1791284103.361189	0	1
006-1398x2034	DUNE_VISUAL_AUDIT_READY before teardown -[ActivityExerciseRegressionTests testWeeklyStatsValuesAtMaximumAccessibilityTextSize] [DUNEUITests/UITestBaseCase.swift:118] DEADLINE=1791284103.361189	0	1
