001-2007x2853	DUNE_VISUAL_AUDIT_READY root after setup -[ActivityExerciseRegressionTests testVisualAuditRestTimerAcrossFoldStates] [DUNEUITests/UITestBaseCase.swift:145] DEADLINE=1791279451.263763	0	1
001-1398x2034	DUNE_VISUAL_AUDIT_READY root after setup -[ActivityExerciseRegressionTests testVisualAuditRestTimerAcrossFoldStates] [DUNEUITests/UITestBaseCase.swift:145] DEADLINE=1791279451.263763	0	1
002-2007x2853	DUNE_VISUAL_AUDIT_READY tap activity-toolbar-add [DUNEUITests/ActivityExerciseRegressionTests.swift:1440] DEADLINE=1791279470.388309	0	1
002-1398x2034	DUNE_VISUAL_AUDIT_READY tap activity-toolbar-add [DUNEUITests/ActivityExerciseRegressionTests.swift:1440] DEADLINE=1791279470.388309	0	1
003-2007x2853	DUNE_VISUAL_AUDIT_READY tap picker-search-field [DUNEUITests/UITestHelpers.swift:1157] DEADLINE=1791279477.892775	0	1
003-1398x2034	DUNE_VISUAL_AUDIT_READY tap picker-search-field [DUNEUITests/UITestHelpers.swift:1157] DEADLINE=1791279477.892775	0	1
004-2007x2853	DUNE_VISUAL_AUDIT_READY tap picker-search-done [DUNEUITests/ActivityExerciseRegressionTests.swift:1519] DEADLINE=1791279486.27566	0	1
004-1398x2034	DUNE_VISUAL_AUDIT_READY tap picker-search-done [DUNEUITests/ActivityExerciseRegressionTests.swift:1519] DEADLINE=1791279486.27566	0	1
005-2007x2853	DUNE_VISUAL_AUDIT_READY tap picker-detail-barbell-bench-press [DUNEUITests/ActivityExerciseRegressionTests.swift:1499] DEADLINE=1791279504.700139	0	1
005-1398x2034	DUNE_VISUAL_AUDIT_READY tap picker-detail-barbell-bench-press [DUNEUITests/ActivityExerciseRegressionTests.swift:1499] DEADLINE=1791279504.700139	0	1
006-2007x2853	DUNE_VISUAL_AUDIT_READY tap exercise-detail-start [DUNEUITests/ActivityExerciseRegressionTests.swift:1506] DEADLINE=1791279511.9750419	0	1
006-1398x2034	DUNE_VISUAL_AUDIT_READY tap exercise-detail-start [DUNEUITests/ActivityExerciseRegressionTests.swift:1506] DEADLINE=1791279511.9750419	0	1
007-2007x2853	DUNE_VISUAL_AUDIT_READY tap exercise-start-button [DUNEUITests/ActivityExerciseRegressionTests.swift:1513] DEADLINE=1791279518.8552408	0	1
007-1398x2034	DUNE_VISUAL_AUDIT_READY tap exercise-start-button [DUNEUITests/ActivityExerciseRegressionTests.swift:1513] DEADLINE=1791279518.8552408	0	1
008-2007x2853	DUNE_VISUAL_AUDIT_READY tap +2.5 [DUNEUITests/ActivityExerciseRegressionTests.swift:396] DEADLINE=1791279529.423379	0	1
008-1398x2034	DUNE_VISUAL_AUDIT_READY tap +2.5 [DUNEUITests/ActivityExerciseRegressionTests.swift:396] DEADLINE=1791279529.423379	0	1
009-2007x2853	DUNE_VISUAL_AUDIT_READY tap +1 [DUNEUITests/ActivityExerciseRegressionTests.swift:402] DEADLINE=1791279541.632059	0	1
009-1398x2034	DUNE_VISUAL_AUDIT_READY tap +1 [DUNEUITests/ActivityExerciseRegressionTests.swift:402] DEADLINE=1791279541.632059	0	1
010-2007x2853	DUNE_VISUAL_AUDIT_READY tap workout-session-complete-set [DUNEUITests/ActivityExerciseRegressionTests.swift:417] DEADLINE=1791279559.5336208	0	1
010-1398x2034	DUNE_VISUAL_AUDIT_READY tap workout-session-complete-set [DUNEUITests/ActivityExerciseRegressionTests.swift:417] DEADLINE=1791279559.5336208	0	1
011-2007x2853	DUNE_VISUAL_AUDIT_READY Rest timer initial after first completed set [DUNEUITests/ActivityExerciseRegressionTests.swift:433] DEADLINE=1791279570.663447	0	1
011-1398x2034	DUNE_VISUAL_AUDIT_READY Rest timer initial after first completed set [DUNEUITests/ActivityExerciseRegressionTests.swift:433] DEADLINE=1791279570.663447	0	1
012-2007x2853	DUNE_VISUAL_AUDIT_READY FOLD:partiallyOpen [DUNEUITests/ActivityExerciseRegressionTests.swift:449] DEADLINE=1791279666.819391	0	1
012-1398x2034	DUNE_VISUAL_AUDIT_READY FOLD:partiallyOpen [DUNEUITests/ActivityExerciseRegressionTests.swift:449] DEADLINE=1791279666.819391	0	1
013-2007x2853	DUNE_VISUAL_AUDIT_READY Full rest countdown after FOLD:partiallyOpen [DUNEUITests/ActivityExerciseRegressionTests.swift:470] DEADLINE=1791279593.082505	0	1
013-1398x2034	DUNE_VISUAL_AUDIT_READY Full rest countdown after FOLD:partiallyOpen [DUNEUITests/ActivityExerciseRegressionTests.swift:470] DEADLINE=1791279593.082505	0	1
014-2007x2853	DUNE_VISUAL_AUDIT_READY FOLD:openFlat [DUNEUITests/ActivityExerciseRegressionTests.swift:449] DEADLINE=1791279687.1066852	0	1
014-1398x2034	DUNE_VISUAL_AUDIT_READY FOLD:openFlat [DUNEUITests/ActivityExerciseRegressionTests.swift:449] DEADLINE=1791279687.1066852	0	1
015-2007x2853	DUNE_VISUAL_AUDIT_READY Full rest countdown after FOLD:openFlat [DUNEUITests/ActivityExerciseRegressionTests.swift:470] DEADLINE=1791279608.903781	0	1
015-1398x2034	DUNE_VISUAL_AUDIT_READY Full rest countdown after FOLD:openFlat [DUNEUITests/ActivityExerciseRegressionTests.swift:470] DEADLINE=1791279608.903781	0	1
016-2007x2853	DUNE_VISUAL_AUDIT_READY FOLD:closed [DUNEUITests/ActivityExerciseRegressionTests.swift:449] DEADLINE=1791279703.078471	0	1
016-1398x2034	DUNE_VISUAL_AUDIT_READY FOLD:closed [DUNEUITests/ActivityExerciseRegressionTests.swift:449] DEADLINE=1791279703.078471	0	1
017-2007x2853	DUNE_VISUAL_AUDIT_READY Full rest countdown after FOLD:closed [DUNEUITests/ActivityExerciseRegressionTests.swift:470] DEADLINE=1791279623.774465	0	1
017-1398x2034	DUNE_VISUAL_AUDIT_READY Full rest countdown after FOLD:closed [DUNEUITests/ActivityExerciseRegressionTests.swift:470] DEADLINE=1791279623.774465	0	1
018-2007x2853	DUNE_VISUAL_AUDIT_READY tap workout-session-skip-rest [DUNEUITests/ActivityExerciseRegressionTests.swift:478] DEADLINE=1791279873.267127	0	1
018-1398x2034	DUNE_VISUAL_AUDIT_READY tap workout-session-skip-rest [DUNEUITests/ActivityExerciseRegressionTests.swift:478] DEADLINE=1791279873.267127	0	1
