001-2007x2853	DUNE_VISUAL_AUDIT_READY root after setup -[ActivityMuscleMapRegressionTests testMuscleMap3DViewerExists] [DUNEUITests/UITestBaseCase.swift:145] DEADLINE=1791282056.31981	0	1
001-1398x2034	DUNE_VISUAL_AUDIT_READY root after setup -[ActivityMuscleMapRegressionTests testMuscleMap3DViewerExists] [DUNEUITests/UITestBaseCase.swift:145] DEADLINE=1791282056.31981	0	1
002-2007x2853	DUNE_VISUAL_AUDIT_READY Muscle Map short drag 1 [DUNEUITests/ActivityMuscleMapRegressionTests.swift:146] DEADLINE=1791282064.3966289	0	1
002-1398x2034	DUNE_VISUAL_AUDIT_READY Muscle Map short drag 1 [DUNEUITests/ActivityMuscleMapRegressionTests.swift:146] DEADLINE=1791282064.3966289	0	1
003-2007x2853	DUNE_VISUAL_AUDIT_READY Muscle Map entry after slow scrolling [DUNEUITests/ActivityMuscleMapRegressionTests.swift:148] DEADLINE=1791282071.616768	0	1
003-1398x2034	DUNE_VISUAL_AUDIT_READY Muscle Map entry after slow scrolling [DUNEUITests/ActivityMuscleMapRegressionTests.swift:148] DEADLINE=1791282071.616768	0	1
004-2007x2853	DUNE_VISUAL_AUDIT_READY tap activity-musclemap-detail-link [DUNEUITests/ActivityMuscleMapRegressionTests.swift:157] DEADLINE=1791282077.4761128	0	1
004-1398x2034	DUNE_VISUAL_AUDIT_READY tap activity-musclemap-detail-link [DUNEUITests/ActivityMuscleMapRegressionTests.swift:157] DEADLINE=1791282077.4761128	0	1
005-2007x2853	DUNE_VISUAL_AUDIT_READY tap musclemap-body-front-chest [DUNEUITests/ActivityMuscleMapRegressionTests.swift:184] DEADLINE=1791282083.652488	0	1
005-1398x2034	DUNE_VISUAL_AUDIT_READY tap musclemap-body-front-chest [DUNEUITests/ActivityMuscleMapRegressionTests.swift:184] DEADLINE=1791282083.652488	0	1
006-2007x2853	DUNE_VISUAL_AUDIT_READY tap 3D 근육맵 [DUNEUITests/ActivityMuscleMapRegressionTests.swift:176] DEADLINE=1791282091.02436	0	1
006-1398x2034	DUNE_VISUAL_AUDIT_READY tap 3D 근육맵 [DUNEUITests/ActivityMuscleMapRegressionTests.swift:176] DEADLINE=1791282091.02436	0	1
007-2007x2853	DUNE_VISUAL_AUDIT_READY 3D viewer after explicit navigation [DUNEUITests/ActivityMuscleMapRegressionTests.swift:120] DEADLINE=1791282096.639007	0	1
007-1398x2034	DUNE_VISUAL_AUDIT_READY 3D viewer after explicit navigation [DUNEUITests/ActivityMuscleMapRegressionTests.swift:120] DEADLINE=1791282096.639007	0	1
008-2007x2853	DUNE_VISUAL_AUDIT_READY before teardown -[ActivityMuscleMapRegressionTests testMuscleMap3DViewerExists] [DUNEUITests/UITestBaseCase.swift:118] DEADLINE=1791282100.325622	0	1
008-1398x2034	DUNE_VISUAL_AUDIT_READY before teardown -[ActivityMuscleMapRegressionTests testMuscleMap3DViewerExists] [DUNEUITests/UITestBaseCase.swift:118] DEADLINE=1791282100.325622	0	1
009-2007x2853	DUNE_VISUAL_AUDIT_READY root after setup -[WellnessRegressionTests testBodyHistoryRowOpensEditFormAndSaves] [DUNEUITests/UITestBaseCase.swift:145] DEADLINE=1791282113.988008	0	1
009-1398x2034	DUNE_VISUAL_AUDIT_READY root after setup -[WellnessRegressionTests testBodyHistoryRowOpensEditFormAndSaves] [DUNEUITests/UITestBaseCase.swift:145] DEADLINE=1791282113.988008	0	1
010-2007x2853	DUNE_VISUAL_AUDIT_READY tap wellness-link-bodyhistory [DUNEUITests/WellnessRegressionTests.swift:314] DEADLINE=1791282121.801074	0	1
010-1398x2034	DUNE_VISUAL_AUDIT_READY tap wellness-link-bodyhistory [DUNEUITests/WellnessRegressionTests.swift:314] DEADLINE=1791282121.801074	0	1
011-2007x2853	DUNE_VISUAL_AUDIT_READY tap body-history-edit-action [DUNEUITests/WellnessRegressionTests.swift:154] DEADLINE=1791282132.8231459	0	1
011-1398x2034	DUNE_VISUAL_AUDIT_READY tap body-history-edit-action [DUNEUITests/WellnessRegressionTests.swift:154] DEADLINE=1791282132.8231459	0	1
012-2007x2853	DUNE_VISUAL_AUDIT_READY tap body-form-weight [DUNEUITests/UITestHelpers.swift:1157] DEADLINE=1791282139.840231	0	1
012-1398x2034	DUNE_VISUAL_AUDIT_READY tap body-form-weight [DUNEUITests/UITestHelpers.swift:1157] DEADLINE=1791282139.840231	0	1
013-2007x2853	DUNE_VISUAL_AUDIT_READY tap body-form-weight-clear [DUNEUITests/UITestHelpers.swift:1168] DEADLINE=1791282146.401469	0	1
013-1398x2034	DUNE_VISUAL_AUDIT_READY tap body-form-weight-clear [DUNEUITests/UITestHelpers.swift:1168] DEADLINE=1791282146.401469	0	1
014-2007x2853	DUNE_VISUAL_AUDIT_READY Body edit weight with keyboard [DUNEUITests/WellnessRegressionTests.swift:162] DEADLINE=1791282152.007292	0	1
014-1398x2034	DUNE_VISUAL_AUDIT_READY Body edit weight with keyboard [DUNEUITests/WellnessRegressionTests.swift:162] DEADLINE=1791282152.007292	0	1
015-2007x2853	DUNE_VISUAL_AUDIT_READY tap body-form-keyboard-done [DUNEUITests/WellnessRegressionTests.swift:165] DEADLINE=1791282157.923559	0	1
015-1398x2034	DUNE_VISUAL_AUDIT_READY tap body-form-keyboard-done [DUNEUITests/WellnessRegressionTests.swift:165] DEADLINE=1791282157.923559	0	1
016-2007x2853	DUNE_VISUAL_AUDIT_READY Body edit field body-form-fat [DUNEUITests/WellnessRegressionTests.swift:180] DEADLINE=1791282164.7367449	0	1
016-1398x2034	DUNE_VISUAL_AUDIT_READY Body edit field body-form-fat [DUNEUITests/WellnessRegressionTests.swift:180] DEADLINE=1791282164.7367449	0	1
017-2007x2853	DUNE_VISUAL_AUDIT_READY Body edit field body-form-muscle [DUNEUITests/WellnessRegressionTests.swift:180] DEADLINE=1791282170.191886	0	1
017-1398x2034	DUNE_VISUAL_AUDIT_READY Body edit field body-form-muscle [DUNEUITests/WellnessRegressionTests.swift:180] DEADLINE=1791282170.191886	0	1
018-2007x2853	DUNE_VISUAL_AUDIT_READY Body edit lower fields with usable Save [DUNEUITests/WellnessRegressionTests.swift:187] DEADLINE=1791282174.891685	0	1
018-1398x2034	DUNE_VISUAL_AUDIT_READY Body edit lower fields with usable Save [DUNEUITests/WellnessRegressionTests.swift:187] DEADLINE=1791282174.891685	0	1
019-2007x2853	DUNE_VISUAL_AUDIT_READY tap body-form-save [DUNEUITests/WellnessRegressionTests.swift:188] DEADLINE=1791282178.9773111	0	1
019-1398x2034	DUNE_VISUAL_AUDIT_READY tap body-form-save [DUNEUITests/WellnessRegressionTests.swift:188] DEADLINE=1791282178.9773111	0	1
020-2007x2853	DUNE_VISUAL_AUDIT_READY Body history remains usable after saving [DUNEUITests/WellnessRegressionTests.swift:202] DEADLINE=1791282185.8427591	0	1
020-1398x2034	DUNE_VISUAL_AUDIT_READY Body history remains usable after saving [DUNEUITests/WellnessRegressionTests.swift:202] DEADLINE=1791282185.8427591	0	1
021-2007x2853	DUNE_VISUAL_AUDIT_READY before teardown -[WellnessRegressionTests testBodyHistoryRowOpensEditFormAndSaves] [DUNEUITests/UITestBaseCase.swift:118] DEADLINE=1791282189.294744	0	1
021-1398x2034	DUNE_VISUAL_AUDIT_READY before teardown -[WellnessRegressionTests testBodyHistoryRowOpensEditFormAndSaves] [DUNEUITests/UITestBaseCase.swift:118] DEADLINE=1791282189.294744	0	1
022-2007x2853	DUNE_VISUAL_AUDIT_READY root after setup -[WellnessRegressionTests testCompareMetricsSharesPeriodAndDismisses] [DUNEUITests/UITestBaseCase.swift:145] DEADLINE=1791282200.214992	0	1
022-1398x2034	DUNE_VISUAL_AUDIT_READY root after setup -[WellnessRegressionTests testCompareMetricsSharesPeriodAndDismisses] [DUNEUITests/UITestBaseCase.swift:145] DEADLINE=1791282200.214992	0	1
023-2007x2853	DUNE_VISUAL_AUDIT_READY tap wellness-compare-metrics [DUNEUITests/UITestHelpers.swift:610] DEADLINE=1791282206.001229	0	1
023-1398x2034	DUNE_VISUAL_AUDIT_READY tap wellness-compare-metrics [DUNEUITests/UITestHelpers.swift:610] DEADLINE=1791282206.001229	0	1
024-2007x2853	DUNE_VISUAL_AUDIT_READY Metric comparison charts initial viewport [DUNEUITests/WellnessRegressionTests.swift:40] DEADLINE=1791282214.198981	0	1
024-1398x2034	DUNE_VISUAL_AUDIT_READY Metric comparison charts initial viewport [DUNEUITests/WellnessRegressionTests.swift:40] DEADLINE=1791282214.198981	0	1
025-2007x2853	DUNE_VISUAL_AUDIT_READY Metric comparison charts lower viewport 1 [DUNEUITests/WellnessRegressionTests.swift:43] DEADLINE=1791282219.128998	0	1
025-1398x2034	DUNE_VISUAL_AUDIT_READY Metric comparison charts lower viewport 1 [DUNEUITests/WellnessRegressionTests.swift:43] DEADLINE=1791282219.128998	0	1
026-2007x2853	DUNE_VISUAL_AUDIT_READY Metric comparison charts lower viewport 2 [DUNEUITests/WellnessRegressionTests.swift:43] DEADLINE=1791282223.918817	0	1
026-1398x2034	DUNE_VISUAL_AUDIT_READY Metric comparison charts lower viewport 2 [DUNEUITests/WellnessRegressionTests.swift:43] DEADLINE=1791282223.918817	0	1
027-2007x2853	DUNE_VISUAL_AUDIT_READY Metric comparison charts lower viewport 3 [DUNEUITests/WellnessRegressionTests.swift:43] DEADLINE=1791282228.598161	0	1
027-1398x2034	DUNE_VISUAL_AUDIT_READY Metric comparison charts lower viewport 3 [DUNEUITests/WellnessRegressionTests.swift:43] DEADLINE=1791282228.598161	0	1
028-2007x2853	DUNE_VISUAL_AUDIT_READY tap metric-comparison-period [DUNEUITests/UITestHelpers.swift:586] DEADLINE=1791282236.569957	0	1
028-1398x2034	DUNE_VISUAL_AUDIT_READY tap metric-comparison-period [DUNEUITests/UITestHelpers.swift:586] DEADLINE=1791282236.569957	0	1
029-2007x2853	DUNE_VISUAL_AUDIT_READY tap metric-comparison-period-M [DUNEUITests/UITestHelpers.swift:586] DEADLINE=1791282242.295665	0	1
029-1398x2034	DUNE_VISUAL_AUDIT_READY tap metric-comparison-period-M [DUNEUITests/UITestHelpers.swift:586] DEADLINE=1791282242.295665	0	1
030-2007x2853	DUNE_VISUAL_AUDIT_READY tap metric-comparison-done [DUNEUITests/UITestHelpers.swift:586] DEADLINE=1791282247.777752	0	1
030-1398x2034	DUNE_VISUAL_AUDIT_READY tap metric-comparison-done [DUNEUITests/UITestHelpers.swift:586] DEADLINE=1791282247.777752	0	1
031-2007x2853	DUNE_VISUAL_AUDIT_READY before teardown -[WellnessRegressionTests testCompareMetricsSharesPeriodAndDismisses] [DUNEUITests/UITestBaseCase.swift:118] DEADLINE=1791282254.186485	0	1
031-1398x2034	DUNE_VISUAL_AUDIT_READY before teardown -[WellnessRegressionTests testCompareMetricsSharesPeriodAndDismisses] [DUNEUITests/UITestBaseCase.swift:118] DEADLINE=1791282254.186485	0	1
