001-2007x2853	DUNE_VISUAL_AUDIT_READY root after setup -[ActivityMuscleMapRegressionTests testMuscleMap3DViewerExists] [DUNEUITests/UITestBaseCase.swift:145] DEADLINE=1791281717.84975	0	1
001-1398x2034	DUNE_VISUAL_AUDIT_READY root after setup -[ActivityMuscleMapRegressionTests testMuscleMap3DViewerExists] [DUNEUITests/UITestBaseCase.swift:145] DEADLINE=1791281717.84975	0	1
002-2007x2853	DUNE_VISUAL_AUDIT_READY Muscle Map short drag 1 [DUNEUITests/ActivityMuscleMapRegressionTests.swift:146] DEADLINE=1791281727.103477	0	1
002-1398x2034	DUNE_VISUAL_AUDIT_READY Muscle Map short drag 1 [DUNEUITests/ActivityMuscleMapRegressionTests.swift:146] DEADLINE=1791281727.103477	0	1
003-2007x2853	DUNE_VISUAL_AUDIT_READY Muscle Map short drag 2 [DUNEUITests/ActivityMuscleMapRegressionTests.swift:146] DEADLINE=1791281733.743715	0	1
003-1398x2034	DUNE_VISUAL_AUDIT_READY Muscle Map short drag 2 [DUNEUITests/ActivityMuscleMapRegressionTests.swift:146] DEADLINE=1791281733.743715	0	1
004-2007x2853	DUNE_VISUAL_AUDIT_READY Muscle Map short drag 3 [DUNEUITests/ActivityMuscleMapRegressionTests.swift:146] DEADLINE=1791281740.313802	0	1
004-1398x2034	DUNE_VISUAL_AUDIT_READY Muscle Map short drag 3 [DUNEUITests/ActivityMuscleMapRegressionTests.swift:146] DEADLINE=1791281740.313802	0	1
005-2007x2853	DUNE_VISUAL_AUDIT_READY Muscle Map short drag 4 [DUNEUITests/ActivityMuscleMapRegressionTests.swift:146] DEADLINE=1791281747.256514	0	1
005-1398x2034	DUNE_VISUAL_AUDIT_READY Muscle Map short drag 4 [DUNEUITests/ActivityMuscleMapRegressionTests.swift:146] DEADLINE=1791281747.256514	0	1
006-2007x2853	DUNE_VISUAL_AUDIT_READY Muscle Map entry after slow scrolling [DUNEUITests/ActivityMuscleMapRegressionTests.swift:148] DEADLINE=1791281753.847359	0	1
006-1398x2034	DUNE_VISUAL_AUDIT_READY Muscle Map entry after slow scrolling [DUNEUITests/ActivityMuscleMapRegressionTests.swift:148] DEADLINE=1791281753.847359	0	1
007-2007x2853	DUNE_VISUAL_AUDIT_READY tap activity-musclemap-detail-link [DUNEUITests/ActivityMuscleMapRegressionTests.swift:157] DEADLINE=1791281759.960644	0	1
007-1398x2034	DUNE_VISUAL_AUDIT_READY tap activity-musclemap-detail-link [DUNEUITests/ActivityMuscleMapRegressionTests.swift:157] DEADLINE=1791281759.960644	0	1
008-2007x2853	DUNE_VISUAL_AUDIT_READY tap musclemap-body-front-chest [DUNEUITests/ActivityMuscleMapRegressionTests.swift:184] DEADLINE=1791281768.573545	0	1
008-1398x2034	DUNE_VISUAL_AUDIT_READY tap musclemap-body-front-chest [DUNEUITests/ActivityMuscleMapRegressionTests.swift:184] DEADLINE=1791281768.573545	0	1
009-2007x2853	DUNE_VISUAL_AUDIT_READY 3D viewer after explicit navigation [DUNEUITests/ActivityMuscleMapRegressionTests.swift:120] DEADLINE=1791281774.088938	0	1
009-1398x2034	DUNE_VISUAL_AUDIT_READY 3D viewer after explicit navigation [DUNEUITests/ActivityMuscleMapRegressionTests.swift:120] DEADLINE=1791281774.088938	0	1
010-2007x2853	DUNE_VISUAL_AUDIT_READY 3D accessibility controls after scrolling [DUNEUITests/ActivityMuscleMapRegressionTests.swift:125] DEADLINE=1791281778.8990278	0	1
010-1398x2034	DUNE_VISUAL_AUDIT_READY 3D accessibility controls after scrolling [DUNEUITests/ActivityMuscleMapRegressionTests.swift:125] DEADLINE=1791281778.8990278	0	1
011-2007x2853	DUNE_VISUAL_AUDIT_READY before teardown -[ActivityMuscleMapRegressionTests testMuscleMap3DViewerExists] [DUNEUITests/UITestBaseCase.swift:118] DEADLINE=1791281782.084815	0	1
011-1398x2034	DUNE_VISUAL_AUDIT_READY before teardown -[ActivityMuscleMapRegressionTests testMuscleMap3DViewerExists] [DUNEUITests/UITestBaseCase.swift:118] DEADLINE=1791281782.084815	0	1
012-2007x2853	DUNE_VISUAL_AUDIT_READY root after setup -[WellnessRegressionTests testBodyHistoryEditAndSaveAtMaximumAccessibilityTextSize] [DUNEUITests/UITestBaseCase.swift:145] DEADLINE=1791281796.933982	0	1
012-1398x2034	DUNE_VISUAL_AUDIT_READY root after setup -[WellnessRegressionTests testBodyHistoryEditAndSaveAtMaximumAccessibilityTextSize] [DUNEUITests/UITestBaseCase.swift:145] DEADLINE=1791281796.933982	0	1
013-2007x2853	DUNE_VISUAL_AUDIT_READY tap wellness-link-bodyhistory [DUNEUITests/WellnessRegressionTests.swift:314] DEADLINE=1791281811.532826	0	1
013-1398x2034	DUNE_VISUAL_AUDIT_READY tap wellness-link-bodyhistory [DUNEUITests/WellnessRegressionTests.swift:314] DEADLINE=1791281811.532826	0	1
014-2007x2853	DUNE_VISUAL_AUDIT_READY tap body-history-edit-action [DUNEUITests/WellnessRegressionTests.swift:154] DEADLINE=1791281822.1644502	0	1
014-1398x2034	DUNE_VISUAL_AUDIT_READY tap body-history-edit-action [DUNEUITests/WellnessRegressionTests.swift:154] DEADLINE=1791281822.1644502	0	1
015-2007x2853	DUNE_VISUAL_AUDIT_READY tap body-form-weight [DUNEUITests/UITestHelpers.swift:1157] DEADLINE=1791281828.74682	0	1
015-1398x2034	DUNE_VISUAL_AUDIT_READY tap body-form-weight [DUNEUITests/UITestHelpers.swift:1157] DEADLINE=1791281828.74682	0	1
016-2007x2853	DUNE_VISUAL_AUDIT_READY tap body-form-weight-clear [DUNEUITests/UITestHelpers.swift:1168] DEADLINE=1791281835.177738	0	1
016-1398x2034	DUNE_VISUAL_AUDIT_READY tap body-form-weight-clear [DUNEUITests/UITestHelpers.swift:1168] DEADLINE=1791281835.177738	0	1
017-2007x2853	DUNE_VISUAL_AUDIT_READY Body edit weight with keyboard [DUNEUITests/WellnessRegressionTests.swift:162] DEADLINE=1791281840.524115	0	1
017-1398x2034	DUNE_VISUAL_AUDIT_READY Body edit weight with keyboard [DUNEUITests/WellnessRegressionTests.swift:162] DEADLINE=1791281840.524115	0	1
018-2007x2853	DUNE_VISUAL_AUDIT_READY tap body-form-keyboard-done [DUNEUITests/WellnessRegressionTests.swift:165] DEADLINE=1791281845.9439511	0	1
018-1398x2034	DUNE_VISUAL_AUDIT_READY tap body-form-keyboard-done [DUNEUITests/WellnessRegressionTests.swift:165] DEADLINE=1791281845.9439511	0	1
019-2007x2853	DUNE_VISUAL_AUDIT_READY Body edit field body-form-fat [DUNEUITests/WellnessRegressionTests.swift:180] DEADLINE=1791281851.695173	0	1
019-1398x2034	DUNE_VISUAL_AUDIT_READY Body edit field body-form-fat [DUNEUITests/WellnessRegressionTests.swift:180] DEADLINE=1791281851.695173	0	1
020-2007x2853	DUNE_VISUAL_AUDIT_READY Body edit field body-form-muscle [DUNEUITests/WellnessRegressionTests.swift:180] DEADLINE=1791281856.140553	0	1
020-1398x2034	DUNE_VISUAL_AUDIT_READY Body edit field body-form-muscle [DUNEUITests/WellnessRegressionTests.swift:180] DEADLINE=1791281856.140553	0	1
021-2007x2853	DUNE_VISUAL_AUDIT_READY Body edit lower fields with usable Save [DUNEUITests/WellnessRegressionTests.swift:187] DEADLINE=1791281860.568579	0	1
021-1398x2034	DUNE_VISUAL_AUDIT_READY Body edit lower fields with usable Save [DUNEUITests/WellnessRegressionTests.swift:187] DEADLINE=1791281860.568579	0	1
022-2007x2853	DUNE_VISUAL_AUDIT_READY tap body-form-save [DUNEUITests/WellnessRegressionTests.swift:188] DEADLINE=1791281864.471091	0	1
022-1398x2034	DUNE_VISUAL_AUDIT_READY tap body-form-save [DUNEUITests/WellnessRegressionTests.swift:188] DEADLINE=1791281864.471091	0	1
023-2007x2853	DUNE_VISUAL_AUDIT_READY Body history remains usable after saving [DUNEUITests/WellnessRegressionTests.swift:202] DEADLINE=1791281871.055001	0	1
023-1398x2034	DUNE_VISUAL_AUDIT_READY Body history remains usable after saving [DUNEUITests/WellnessRegressionTests.swift:202] DEADLINE=1791281871.055001	0	1
024-2007x2853	DUNE_VISUAL_AUDIT_READY before teardown -[WellnessRegressionTests testBodyHistoryEditAndSaveAtMaximumAccessibilityTextSize] [DUNEUITests/UITestBaseCase.swift:118] DEADLINE=1791281874.2346048	0	1
024-1398x2034	DUNE_VISUAL_AUDIT_READY before teardown -[WellnessRegressionTests testBodyHistoryEditAndSaveAtMaximumAccessibilityTextSize] [DUNEUITests/UITestBaseCase.swift:118] DEADLINE=1791281874.2346048	0	1
025-2007x2853	DUNE_VISUAL_AUDIT_READY root after setup -[WellnessRegressionTests testCompareMetricsSharesPeriodAndDismisses] [DUNEUITests/UITestBaseCase.swift:145] DEADLINE=1791281886.4783602	0	1
025-1398x2034	DUNE_VISUAL_AUDIT_READY root after setup -[WellnessRegressionTests testCompareMetricsSharesPeriodAndDismisses] [DUNEUITests/UITestBaseCase.swift:145] DEADLINE=1791281886.4783602	0	1
026-2007x2853	DUNE_VISUAL_AUDIT_READY tap wellness-compare-metrics [DUNEUITests/UITestHelpers.swift:610] DEADLINE=1791281891.809118	0	1
026-1398x2034	DUNE_VISUAL_AUDIT_READY tap wellness-compare-metrics [DUNEUITests/UITestHelpers.swift:610] DEADLINE=1791281891.809118	0	1
027-2007x2853	DUNE_VISUAL_AUDIT_READY Metric comparison charts initial viewport [DUNEUITests/WellnessRegressionTests.swift:40] DEADLINE=1791281900.021733	0	1
027-1398x2034	DUNE_VISUAL_AUDIT_READY Metric comparison charts initial viewport [DUNEUITests/WellnessRegressionTests.swift:40] DEADLINE=1791281900.021733	0	1
028-2007x2853	DUNE_VISUAL_AUDIT_READY Metric comparison charts lower viewport 1 [DUNEUITests/WellnessRegressionTests.swift:43] DEADLINE=1791281906.6327639	0	1
028-1398x2034	DUNE_VISUAL_AUDIT_READY Metric comparison charts lower viewport 1 [DUNEUITests/WellnessRegressionTests.swift:43] DEADLINE=1791281906.6327639	0	1
029-2007x2853	DUNE_VISUAL_AUDIT_READY Metric comparison charts lower viewport 2 [DUNEUITests/WellnessRegressionTests.swift:43] DEADLINE=1791281912.778698	0	1
029-1398x2034	DUNE_VISUAL_AUDIT_READY Metric comparison charts lower viewport 2 [DUNEUITests/WellnessRegressionTests.swift:43] DEADLINE=1791281912.778698	0	1
030-2007x2853	DUNE_VISUAL_AUDIT_READY Metric comparison charts lower viewport 3 [DUNEUITests/WellnessRegressionTests.swift:43] DEADLINE=1791281917.8395882	0	1
030-1398x2034	DUNE_VISUAL_AUDIT_READY Metric comparison charts lower viewport 3 [DUNEUITests/WellnessRegressionTests.swift:43] DEADLINE=1791281917.8395882	0	1
031-2007x2853	DUNE_VISUAL_AUDIT_READY tap metric-comparison-period [DUNEUITests/UITestHelpers.swift:586] DEADLINE=1791281931.265075	0	1
031-1398x2034	DUNE_VISUAL_AUDIT_READY tap metric-comparison-period [DUNEUITests/UITestHelpers.swift:586] DEADLINE=1791281931.265075	0	1
032-2007x2853	DUNE_VISUAL_AUDIT_READY tap metric-comparison-period-M [DUNEUITests/UITestHelpers.swift:586] DEADLINE=1791281937.109599	0	1
032-1398x2034	DUNE_VISUAL_AUDIT_READY tap metric-comparison-period-M [DUNEUITests/UITestHelpers.swift:586] DEADLINE=1791281937.109599	0	1
033-2007x2853	DUNE_VISUAL_AUDIT_READY tap metric-comparison-done [DUNEUITests/UITestHelpers.swift:586] DEADLINE=1791281942.822094	0	1
033-1398x2034	DUNE_VISUAL_AUDIT_READY tap metric-comparison-done [DUNEUITests/UITestHelpers.swift:586] DEADLINE=1791281942.822094	0	1
034-2007x2853	DUNE_VISUAL_AUDIT_READY before teardown -[WellnessRegressionTests testCompareMetricsSharesPeriodAndDismisses] [DUNEUITests/UITestBaseCase.swift:118] DEADLINE=1791281948.7837129	0	1
034-1398x2034	DUNE_VISUAL_AUDIT_READY before teardown -[WellnessRegressionTests testCompareMetricsSharesPeriodAndDismisses] [DUNEUITests/UITestBaseCase.swift:118] DEADLINE=1791281948.7837129	0	1
