001-2007x2853	DUNE_VISUAL_AUDIT_READY root after setup -[ActivityMuscleMapRegressionTests testMuscleMap3DViewerExists] [DUNEUITests/UITestBaseCase.swift:145] DEADLINE=1791280378.99986	0	1
001-1398x2034	DUNE_VISUAL_AUDIT_READY root after setup -[ActivityMuscleMapRegressionTests testMuscleMap3DViewerExists] [DUNEUITests/UITestBaseCase.swift:145] DEADLINE=1791280378.99986	0	1
002-2007x2853	DUNE_VISUAL_AUDIT_READY Muscle Map short drag 1 [DUNEUITests/ActivityMuscleMapRegressionTests.swift:139] DEADLINE=1791280386.750613	0	1
002-1398x2034	DUNE_VISUAL_AUDIT_READY Muscle Map short drag 1 [DUNEUITests/ActivityMuscleMapRegressionTests.swift:139] DEADLINE=1791280386.750613	0	1
003-2007x2853	DUNE_VISUAL_AUDIT_READY Muscle Map short drag 2 [DUNEUITests/ActivityMuscleMapRegressionTests.swift:139] DEADLINE=1791280391.8447828	0	1
003-1398x2034	DUNE_VISUAL_AUDIT_READY Muscle Map short drag 2 [DUNEUITests/ActivityMuscleMapRegressionTests.swift:139] DEADLINE=1791280391.8447828	0	1
004-2007x2853	DUNE_VISUAL_AUDIT_READY Muscle Map short drag 3 [DUNEUITests/ActivityMuscleMapRegressionTests.swift:139] DEADLINE=1791280396.866109	0	1
004-1398x2034	DUNE_VISUAL_AUDIT_READY Muscle Map short drag 3 [DUNEUITests/ActivityMuscleMapRegressionTests.swift:139] DEADLINE=1791280396.866109	0	1
005-2007x2853	DUNE_VISUAL_AUDIT_READY Muscle Map short drag 4 [DUNEUITests/ActivityMuscleMapRegressionTests.swift:139] DEADLINE=1791280402.410171	0	1
005-1398x2034	DUNE_VISUAL_AUDIT_READY Muscle Map short drag 4 [DUNEUITests/ActivityMuscleMapRegressionTests.swift:139] DEADLINE=1791280402.410171	0	1
006-2007x2853	DUNE_VISUAL_AUDIT_READY Muscle Map short drag 5 [DUNEUITests/ActivityMuscleMapRegressionTests.swift:139] DEADLINE=1791280407.470035	0	1
006-1398x2034	DUNE_VISUAL_AUDIT_READY Muscle Map short drag 5 [DUNEUITests/ActivityMuscleMapRegressionTests.swift:139] DEADLINE=1791280407.470035	0	1
007-2007x2853	DUNE_VISUAL_AUDIT_READY Muscle Map short drag 6 [DUNEUITests/ActivityMuscleMapRegressionTests.swift:139] DEADLINE=1791280412.557641	0	1
007-1398x2034	DUNE_VISUAL_AUDIT_READY Muscle Map short drag 6 [DUNEUITests/ActivityMuscleMapRegressionTests.swift:139] DEADLINE=1791280412.557641	0	1
008-2007x2853	DUNE_VISUAL_AUDIT_READY Muscle Map short drag 7 [DUNEUITests/ActivityMuscleMapRegressionTests.swift:139] DEADLINE=1791280417.6321192	0	1
008-1398x2034	DUNE_VISUAL_AUDIT_READY Muscle Map short drag 7 [DUNEUITests/ActivityMuscleMapRegressionTests.swift:139] DEADLINE=1791280417.6321192	0	1
009-2007x2853	DUNE_VISUAL_AUDIT_READY Muscle Map entry after slow scrolling [DUNEUITests/ActivityMuscleMapRegressionTests.swift:141] DEADLINE=1791280423.183447	0	1
009-1398x2034	DUNE_VISUAL_AUDIT_READY Muscle Map entry after slow scrolling [DUNEUITests/ActivityMuscleMapRegressionTests.swift:141] DEADLINE=1791280423.183447	0	1
010-2007x2853	DUNE_VISUAL_AUDIT_READY tap activity-musclemap-detail-link [DUNEUITests/ActivityMuscleMapRegressionTests.swift:150] DEADLINE=1791280429.0820851	0	1
010-1398x2034	DUNE_VISUAL_AUDIT_READY tap activity-musclemap-detail-link [DUNEUITests/ActivityMuscleMapRegressionTests.swift:150] DEADLINE=1791280429.0820851	0	1
011-2007x2853	DUNE_VISUAL_AUDIT_READY tap musclemap-body-front-chest [DUNEUITests/ActivityMuscleMapRegressionTests.swift:168] DEADLINE=1791280435.3022819	0	1
011-1398x2034	DUNE_VISUAL_AUDIT_READY tap musclemap-body-front-chest [DUNEUITests/ActivityMuscleMapRegressionTests.swift:168] DEADLINE=1791280435.3022819	0	1
012-2007x2853	DUNE_VISUAL_AUDIT_READY before teardown -[ActivityMuscleMapRegressionTests testMuscleMap3DViewerExists] [DUNEUITests/UITestBaseCase.swift:118] DEADLINE=1791280449.7556171	0	1
012-1398x2034	DUNE_VISUAL_AUDIT_READY before teardown -[ActivityMuscleMapRegressionTests testMuscleMap3DViewerExists] [DUNEUITests/UITestBaseCase.swift:118] DEADLINE=1791280449.7556171	0	1
013-2007x2853	DUNE_VISUAL_AUDIT_READY root after setup -[WellnessRegressionTests testBodyHistoryEditAndSaveAtMaximumAccessibilityTextSize] [DUNEUITests/UITestBaseCase.swift:145] DEADLINE=1791280462.2608318	0	1
013-1398x2034	DUNE_VISUAL_AUDIT_READY root after setup -[WellnessRegressionTests testBodyHistoryEditAndSaveAtMaximumAccessibilityTextSize] [DUNEUITests/UITestBaseCase.swift:145] DEADLINE=1791280462.2608318	0	1
014-2007x2853	DUNE_VISUAL_AUDIT_READY tap wellness-link-bodyhistory [DUNEUITests/WellnessRegressionTests.swift:314] DEADLINE=1791280476.846856	0	1
014-1398x2034	DUNE_VISUAL_AUDIT_READY tap wellness-link-bodyhistory [DUNEUITests/WellnessRegressionTests.swift:314] DEADLINE=1791280476.846856	0	1
015-2007x2853	DUNE_VISUAL_AUDIT_READY tap body-history-edit-action [DUNEUITests/WellnessRegressionTests.swift:154] DEADLINE=1791280487.7095509	0	1
015-1398x2034	DUNE_VISUAL_AUDIT_READY tap body-history-edit-action [DUNEUITests/WellnessRegressionTests.swift:154] DEADLINE=1791280487.7095509	0	1
016-2007x2853	DUNE_VISUAL_AUDIT_READY tap body-form-weight [DUNEUITests/UITestHelpers.swift:1157] DEADLINE=1791280494.695867	0	1
016-1398x2034	DUNE_VISUAL_AUDIT_READY tap body-form-weight [DUNEUITests/UITestHelpers.swift:1157] DEADLINE=1791280494.695867	0	1
017-2007x2853	DUNE_VISUAL_AUDIT_READY tap body-form-weight-clear [DUNEUITests/UITestHelpers.swift:1168] DEADLINE=1791280501.12375	0	1
017-1398x2034	DUNE_VISUAL_AUDIT_READY tap body-form-weight-clear [DUNEUITests/UITestHelpers.swift:1168] DEADLINE=1791280501.12375	0	1
018-2007x2853	DUNE_VISUAL_AUDIT_READY Body edit weight with keyboard [DUNEUITests/WellnessRegressionTests.swift:162] DEADLINE=1791280506.5640779	0	1
018-1398x2034	DUNE_VISUAL_AUDIT_READY Body edit weight with keyboard [DUNEUITests/WellnessRegressionTests.swift:162] DEADLINE=1791280506.5640779	0	1
019-2007x2853	DUNE_VISUAL_AUDIT_READY tap body-form-keyboard-done [DUNEUITests/WellnessRegressionTests.swift:165] DEADLINE=1791280512.0764809	0	1
019-1398x2034	DUNE_VISUAL_AUDIT_READY tap body-form-keyboard-done [DUNEUITests/WellnessRegressionTests.swift:165] DEADLINE=1791280512.0764809	0	1
020-2007x2853	DUNE_VISUAL_AUDIT_READY Body edit field body-form-fat [DUNEUITests/WellnessRegressionTests.swift:180] DEADLINE=1791280517.967521	0	1
020-1398x2034	DUNE_VISUAL_AUDIT_READY Body edit field body-form-fat [DUNEUITests/WellnessRegressionTests.swift:180] DEADLINE=1791280517.967521	0	1
021-2007x2853	DUNE_VISUAL_AUDIT_READY Body edit field body-form-muscle [DUNEUITests/WellnessRegressionTests.swift:180] DEADLINE=1791280522.71608	0	1
021-1398x2034	DUNE_VISUAL_AUDIT_READY Body edit field body-form-muscle [DUNEUITests/WellnessRegressionTests.swift:180] DEADLINE=1791280522.71608	0	1
022-2007x2853	DUNE_VISUAL_AUDIT_READY Body edit lower fields with usable Save [DUNEUITests/WellnessRegressionTests.swift:187] DEADLINE=1791280527.275455	0	1
022-1398x2034	DUNE_VISUAL_AUDIT_READY Body edit lower fields with usable Save [DUNEUITests/WellnessRegressionTests.swift:187] DEADLINE=1791280527.275455	0	1
023-2007x2853	DUNE_VISUAL_AUDIT_READY tap body-form-save [DUNEUITests/WellnessRegressionTests.swift:188] DEADLINE=1791280531.217216	0	1
023-1398x2034	DUNE_VISUAL_AUDIT_READY tap body-form-save [DUNEUITests/WellnessRegressionTests.swift:188] DEADLINE=1791280531.217216	0	1
024-2007x2853	DUNE_VISUAL_AUDIT_READY Body history remains usable after saving [DUNEUITests/WellnessRegressionTests.swift:202] DEADLINE=1791280537.818716	0	1
024-1398x2034	DUNE_VISUAL_AUDIT_READY Body history remains usable after saving [DUNEUITests/WellnessRegressionTests.swift:202] DEADLINE=1791280537.818716	0	1
025-2007x2853	DUNE_VISUAL_AUDIT_READY before teardown -[WellnessRegressionTests testBodyHistoryEditAndSaveAtMaximumAccessibilityTextSize] [DUNEUITests/UITestBaseCase.swift:118] DEADLINE=1791280541.1324968	0	1
025-1398x2034	DUNE_VISUAL_AUDIT_READY before teardown -[WellnessRegressionTests testBodyHistoryEditAndSaveAtMaximumAccessibilityTextSize] [DUNEUITests/UITestBaseCase.swift:118] DEADLINE=1791280541.1324968	0	1
026-2007x2853	DUNE_VISUAL_AUDIT_READY root after setup -[WellnessRegressionTests testCompareMetricsSharesPeriodAndDismisses] [DUNEUITests/UITestBaseCase.swift:145] DEADLINE=1791280552.505847	0	1
026-1398x2034	DUNE_VISUAL_AUDIT_READY root after setup -[WellnessRegressionTests testCompareMetricsSharesPeriodAndDismisses] [DUNEUITests/UITestBaseCase.swift:145] DEADLINE=1791280552.505847	0	1
027-2007x2853	DUNE_VISUAL_AUDIT_READY tap wellness-compare-metrics [DUNEUITests/UITestHelpers.swift:610] DEADLINE=1791280558.2929049	0	1
027-1398x2034	DUNE_VISUAL_AUDIT_READY tap wellness-compare-metrics [DUNEUITests/UITestHelpers.swift:610] DEADLINE=1791280558.2929049	0	1
028-2007x2853	DUNE_VISUAL_AUDIT_READY Metric comparison charts initial viewport [DUNEUITests/WellnessRegressionTests.swift:40] DEADLINE=1791280566.644298	0	1
028-1398x2034	DUNE_VISUAL_AUDIT_READY Metric comparison charts initial viewport [DUNEUITests/WellnessRegressionTests.swift:40] DEADLINE=1791280566.644298	0	1
029-2007x2853	DUNE_VISUAL_AUDIT_READY Metric comparison charts lower viewport 1 [DUNEUITests/WellnessRegressionTests.swift:43] DEADLINE=1791280572.9951282	0	1
029-1398x2034	DUNE_VISUAL_AUDIT_READY Metric comparison charts lower viewport 1 [DUNEUITests/WellnessRegressionTests.swift:43] DEADLINE=1791280572.9951282	0	1
030-2007x2853	DUNE_VISUAL_AUDIT_READY Metric comparison charts lower viewport 2 [DUNEUITests/WellnessRegressionTests.swift:43] DEADLINE=1791280579.4320889	0	1
030-1398x2034	DUNE_VISUAL_AUDIT_READY Metric comparison charts lower viewport 2 [DUNEUITests/WellnessRegressionTests.swift:43] DEADLINE=1791280579.4320889	0	1
031-2007x2853	DUNE_VISUAL_AUDIT_READY Metric comparison charts lower viewport 3 [DUNEUITests/WellnessRegressionTests.swift:43] DEADLINE=1791280584.329361	0	1
031-1398x2034	DUNE_VISUAL_AUDIT_READY Metric comparison charts lower viewport 3 [DUNEUITests/WellnessRegressionTests.swift:43] DEADLINE=1791280584.329361	0	1
032-2007x2853	DUNE_VISUAL_AUDIT_READY tap metric-comparison-period [DUNEUITests/UITestHelpers.swift:586] DEADLINE=1791280597.812683	0	1
032-1398x2034	DUNE_VISUAL_AUDIT_READY tap metric-comparison-period [DUNEUITests/UITestHelpers.swift:586] DEADLINE=1791280597.812683	0	1
033-2007x2853	DUNE_VISUAL_AUDIT_READY tap metric-comparison-period-M [DUNEUITests/UITestHelpers.swift:586] DEADLINE=1791280603.729346	0	1
033-1398x2034	DUNE_VISUAL_AUDIT_READY tap metric-comparison-period-M [DUNEUITests/UITestHelpers.swift:586] DEADLINE=1791280603.729346	0	1
034-2007x2853	DUNE_VISUAL_AUDIT_READY tap metric-comparison-done [DUNEUITests/UITestHelpers.swift:586] DEADLINE=1791280610.0327868	0	1
034-1398x2034	DUNE_VISUAL_AUDIT_READY tap metric-comparison-done [DUNEUITests/UITestHelpers.swift:586] DEADLINE=1791280610.0327868	0	1
035-2007x2853	DUNE_VISUAL_AUDIT_READY before teardown -[WellnessRegressionTests testCompareMetricsSharesPeriodAndDismisses] [DUNEUITests/UITestBaseCase.swift:118] DEADLINE=1791280616.314663	0	1
035-1398x2034	DUNE_VISUAL_AUDIT_READY before teardown -[WellnessRegressionTests testCompareMetricsSharesPeriodAndDismisses] [DUNEUITests/UITestBaseCase.swift:118] DEADLINE=1791280616.314663	0	1
