001-2007x2853	DUNE_VISUAL_AUDIT_READY root after setup -[ActivityExerciseRegressionTests testVisualAuditRestTimerAcrossFoldStates] [DUNEUITests/UITestBaseCase.swift:145] DEADLINE=1791260752.6007419	0	1
001-1398x2034	DUNE_VISUAL_AUDIT_READY root after setup -[ActivityExerciseRegressionTests testVisualAuditRestTimerAcrossFoldStates] [DUNEUITests/UITestBaseCase.swift:145] DEADLINE=1791260752.6007419	0	1
002-2007x2853	DUNE_VISUAL_AUDIT_READY tap activity-toolbar-add [DUNEUITests/ActivityExerciseRegressionTests.swift:1332] DEADLINE=1791260771.560488	0	1
002-1398x2034	DUNE_VISUAL_AUDIT_READY tap activity-toolbar-add [DUNEUITests/ActivityExerciseRegressionTests.swift:1332] DEADLINE=1791260771.560488	0	1
003-2007x2853	DUNE_VISUAL_AUDIT_READY tap picker-search-field [DUNEUITests/UITestHelpers.swift:1156] DEADLINE=1791260778.7084398	0	1
003-1398x2034	DUNE_VISUAL_AUDIT_READY tap picker-search-field [DUNEUITests/UITestHelpers.swift:1156] DEADLINE=1791260778.7084398	0	1
004-2007x2853	DUNE_VISUAL_AUDIT_READY tap picker-search-done [DUNEUITests/ActivityExerciseRegressionTests.swift:1411] DEADLINE=1791260786.484834	0	1
004-1398x2034	DUNE_VISUAL_AUDIT_READY tap picker-search-done [DUNEUITests/ActivityExerciseRegressionTests.swift:1411] DEADLINE=1791260786.484834	0	1
005-2007x2853	DUNE_VISUAL_AUDIT_READY tap picker-detail-barbell-bench-press [DUNEUITests/ActivityExerciseRegressionTests.swift:1391] DEADLINE=1791260804.481691	0	1
005-1398x2034	DUNE_VISUAL_AUDIT_READY tap picker-detail-barbell-bench-press [DUNEUITests/ActivityExerciseRegressionTests.swift:1391] DEADLINE=1791260804.481691	0	1
006-2007x2853	DUNE_VISUAL_AUDIT_READY tap exercise-detail-start [DUNEUITests/ActivityExerciseRegressionTests.swift:1398] DEADLINE=1791260811.785703	0	1
006-1398x2034	DUNE_VISUAL_AUDIT_READY tap exercise-detail-start [DUNEUITests/ActivityExerciseRegressionTests.swift:1398] DEADLINE=1791260811.785703	0	1
007-2007x2853	DUNE_VISUAL_AUDIT_READY tap exercise-start-button [DUNEUITests/ActivityExerciseRegressionTests.swift:1405] DEADLINE=1791260818.5243611	0	1
007-1398x2034	DUNE_VISUAL_AUDIT_READY tap exercise-start-button [DUNEUITests/ActivityExerciseRegressionTests.swift:1405] DEADLINE=1791260818.5243611	0	1
008-2007x2853	DUNE_VISUAL_AUDIT_READY tap workout-session-overview [DUNEUITests/ActivityExerciseRegressionTests.swift:300] DEADLINE=1791260844.748297	0	1
008-1398x2034	DUNE_VISUAL_AUDIT_READY tap workout-session-overview [DUNEUITests/ActivityExerciseRegressionTests.swift:300] DEADLINE=1791260844.748297	0	1
009-2007x2853	DUNE_VISUAL_AUDIT_READY tap workout-session-overview [DUNEUITests/ActivityExerciseRegressionTests.swift:306] DEADLINE=1791260868.2686682	0	1
009-1398x2034	DUNE_VISUAL_AUDIT_READY tap workout-session-overview [DUNEUITests/ActivityExerciseRegressionTests.swift:306] DEADLINE=1791260868.2686682	0	1
010-2007x2853	DUNE_VISUAL_AUDIT_READY tap workout-session-complete-set [DUNEUITests/ActivityExerciseRegressionTests.swift:321] DEADLINE=1791260887.46601	0	1
010-1398x2034	DUNE_VISUAL_AUDIT_READY tap workout-session-complete-set [DUNEUITests/ActivityExerciseRegressionTests.swift:321] DEADLINE=1791260887.46601	0	1
011-2007x2853	DUNE_VISUAL_AUDIT_READY Rest timer initial after first completed set [DUNEUITests/ActivityExerciseRegressionTests.swift:335] DEADLINE=1791260897.477469	0	1
011-1398x2034	DUNE_VISUAL_AUDIT_READY Rest timer initial after first completed set [DUNEUITests/ActivityExerciseRegressionTests.swift:335] DEADLINE=1791260897.477469	0	1
012-2007x2853	DUNE_VISUAL_AUDIT_READY FOLD:partiallyOpen [DUNEUITests/ActivityExerciseRegressionTests.swift:351] DEADLINE=1791260994.2365441	0	1
012-1398x2034	DUNE_VISUAL_AUDIT_READY FOLD:partiallyOpen [DUNEUITests/ActivityExerciseRegressionTests.swift:351] DEADLINE=1791260994.2365441	0	1
013-2007x2853	DUNE_VISUAL_AUDIT_READY FOLD:openFlat [DUNEUITests/ActivityExerciseRegressionTests.swift:351] DEADLINE=1791261042.191299	0	1
013-1398x2034	DUNE_VISUAL_AUDIT_READY FOLD:openFlat [DUNEUITests/ActivityExerciseRegressionTests.swift:351] DEADLINE=1791261042.191299	0	1
014-2007x2853	DUNE_VISUAL_AUDIT_READY FOLD:closed [DUNEUITests/ActivityExerciseRegressionTests.swift:351] DEADLINE=1791261103.2950711	0	1
014-1398x2034	DUNE_VISUAL_AUDIT_READY FOLD:closed [DUNEUITests/ActivityExerciseRegressionTests.swift:351] DEADLINE=1791261103.2950711	0	1
015-2007x2853	DUNE_VISUAL_AUDIT_READY before teardown -[ActivityExerciseRegressionTests testVisualAuditRestTimerAcrossFoldStates] [DUNEUITests/UITestBaseCase.swift:118] DEADLINE=1791261045.145411	0	1
015-1398x2034	DUNE_VISUAL_AUDIT_READY before teardown -[ActivityExerciseRegressionTests testVisualAuditRestTimerAcrossFoldStates] [DUNEUITests/UITestBaseCase.swift:118] DEADLINE=1791261045.145411	0	1
016-2007x2853	DUNE_VISUAL_AUDIT_READY root after setup -[ActivityExerciseRegressionTests testVisualAuditWorkoutPreservesInputsAcrossFoldStates] [DUNEUITests/UITestBaseCase.swift:145] DEADLINE=1791261060.5851068	0	1
016-1398x2034	DUNE_VISUAL_AUDIT_READY root after setup -[ActivityExerciseRegressionTests testVisualAuditWorkoutPreservesInputsAcrossFoldStates] [DUNEUITests/UITestBaseCase.swift:145] DEADLINE=1791261060.5851068	0	1
017-2007x2853	DUNE_VISUAL_AUDIT_READY tap activity-toolbar-add [DUNEUITests/ActivityExerciseRegressionTests.swift:1332] DEADLINE=1791261070.747136	0	1
017-1398x2034	DUNE_VISUAL_AUDIT_READY tap activity-toolbar-add [DUNEUITests/ActivityExerciseRegressionTests.swift:1332] DEADLINE=1791261070.747136	0	1
018-2007x2853	DUNE_VISUAL_AUDIT_READY tap picker-search-field [DUNEUITests/UITestHelpers.swift:1156] DEADLINE=1791261077.9411058	0	1
018-1398x2034	DUNE_VISUAL_AUDIT_READY tap picker-search-field [DUNEUITests/UITestHelpers.swift:1156] DEADLINE=1791261077.9411058	0	1
019-2007x2853	DUNE_VISUAL_AUDIT_READY tap picker-search-done [DUNEUITests/ActivityExerciseRegressionTests.swift:1411] DEADLINE=1791261086.1475	0	1
019-1398x2034	DUNE_VISUAL_AUDIT_READY tap picker-search-done [DUNEUITests/ActivityExerciseRegressionTests.swift:1411] DEADLINE=1791261086.1475	0	1
020-2007x2853	DUNE_VISUAL_AUDIT_READY tap picker-detail-barbell-bench-press [DUNEUITests/ActivityExerciseRegressionTests.swift:1391] DEADLINE=1791261103.541892	0	1
020-1398x2034	DUNE_VISUAL_AUDIT_READY tap picker-detail-barbell-bench-press [DUNEUITests/ActivityExerciseRegressionTests.swift:1391] DEADLINE=1791261103.541892	0	1
021-2007x2853	DUNE_VISUAL_AUDIT_READY tap exercise-detail-start [DUNEUITests/ActivityExerciseRegressionTests.swift:1398] DEADLINE=1791261110.65829	0	1
021-1398x2034	DUNE_VISUAL_AUDIT_READY tap exercise-detail-start [DUNEUITests/ActivityExerciseRegressionTests.swift:1398] DEADLINE=1791261110.65829	0	1
022-2007x2853	DUNE_VISUAL_AUDIT_READY tap exercise-start-button [DUNEUITests/ActivityExerciseRegressionTests.swift:1405] DEADLINE=1791261117.397177	0	1
022-1398x2034	DUNE_VISUAL_AUDIT_READY tap exercise-start-button [DUNEUITests/ActivityExerciseRegressionTests.swift:1405] DEADLINE=1791261117.397177	0	1
023-2007x2853	DUNE_VISUAL_AUDIT_READY tap workout-session-overview [DUNEUITests/ActivityExerciseRegressionTests.swift:300] DEADLINE=1791261143.2406712	0	1
023-1398x2034	DUNE_VISUAL_AUDIT_READY tap workout-session-overview [DUNEUITests/ActivityExerciseRegressionTests.swift:300] DEADLINE=1791261143.2406712	0	1
024-2007x2853	DUNE_VISUAL_AUDIT_READY tap workout-session-overview [DUNEUITests/ActivityExerciseRegressionTests.swift:306] DEADLINE=1791261166.3520222	0	1
024-1398x2034	DUNE_VISUAL_AUDIT_READY tap workout-session-overview [DUNEUITests/ActivityExerciseRegressionTests.swift:306] DEADLINE=1791261166.3520222	0	1
